,Age,BusinessTravel,DailyRate,DistanceFromHome,Education,EducationField,EnvironmentSatisfaction,Gender,HourlyRate,JobInvolvement,JobRole,JobSatisfaction,MaritalStatus,MonthlyIncome,MonthlyRate,NumCompaniesWorked,OverTime,PercentSalaryHike,RelationshipSatisfaction,StockOptionLevel,TrainingTimesLastYear,WorkLifeBalance,YearsAtCompany,YearsSinceLastPromotion
679,13,0,677,19,1,2,3,0,15,2,7,2,1,918,1299,1,0,2,3,1,2,1,9,0
51,10,2,845,4,3,5,2,1,20,2,2,2,2,393,535,1,1,2,2,0,3,1,2,2
1293,25,0,156,8,2,1,0,1,22,2,6,2,2,176,1331,4,0,2,2,0,2,1,3,1
108,7,2,742,6,0,3,3,1,34,1,6,3,1,309,1419,1,0,0,2,2,2,2,2,2
1082,5,2,255,19,0,1,0,1,67,2,2,2,2,111,1325,0,0,3,1,0,2,2,4,1
579,16,2,14,1,3,3,2,0,56,1,6,0,2,547,322,1,0,0,2,0,3,2,6,1
1185,25,2,747,14,1,1,2,1,35,1,5,2,1,1271,82,1,0,13,0,1,3,2,14,6
30,15,2,518,1,2,3,2,1,48,2,2,3,2,188,269,4,0,0,3,0,3,2,1,0
819,10,2,858,1,0,1,0,1,37,1,6,1,1,361,1031,0,0,6,0,0,2,0,5,0
830,23,2,46,11,3,1,1,1,16,2,2,3,1,623,406,3,1,0,0,1,4,2,1,0
791,17,2,687,3,2,5,3,1,56,2,7,0,2,1040,491,0,1,11,0,0,2,2,8,4
1348,22,2,648,0,3,1,0,1,68,2,3,0,0,1247,969,2,0,0,0,1,3,2,19,11
169,14,2,13,5,4,1,2,1,13,2,6,2,2,339,609,3,0,9,0,0,2,2,5,1
789,26,2,807,0,1,3,1,1,61,1,1,0,1,1102,14,9,0,3,3,1,1,2,20,3
892,1,0,252,9,2,3,0,0,66,1,6,1,2,29,242,1,1,14,1,0,2,3,1,0
599,18,2,589,12,2,0,2,1,6,2,1,1,1,77,1357,4,0,2,1,1,2,2,5,0
592,29,2,68,1,1,4,2,0,3,2,3,3,1,1243,631,1,1,0,2,1,3,1,26,3
259,13,1,132,28,1,3,2,1,41,1,2,1,2,401,556,0,0,0,1,0,2,3,5,1
772,38,1,713,8,2,3,0,0,33,2,6,2,1,321,591,2,0,8,1,1,4,2,5,0
88,12,2,119,1,2,1,2,1,69,1,0,3,1,499,788,1,0,8,0,3,3,2,11,10
1089,19,2,372,12,2,3,0,1,17,2,6,3,1,526,48,1,0,6,0,0,2,2,10,3
1044,31,2,882,4,3,5,0,1,66,2,0,2,1,883,1129,2,0,3,1,1,0,1,3,1
498,4,2,322,5,0,3,0,1,39,2,6,2,1,270,589,0,0,9,3,0,3,2,2,2
737,23,2,281,6,1,3,3,0,12,2,4,2,2,663,1244,6,0,3,1,0,6,2,2,2
227,11,1,834,0,0,3,1,0,12,2,7,3,1,968,266,1,0,3,3,1,5,2,11,4
1183,18,2,588,2,1,1,3,1,49,3,0,0,0,908,1394,6,0,9,0,1,3,2,5,0
793,10,2,502,14,1,1,0,1,20,2,2,2,0,94,1183,1,0,5,3,1,5,1,4,2
1003,7,2,535,0,2,5,0,1,51,2,2,3,1,368,157,4,0,0,1,1,2,1,3,0
986,21,2,884,20,3,1,0,1,14,1,7,3,1,817,85,3,1,1,3,2,2,3,5,1
623,12,1,575,4,3,1,1,1,45,1,6,3,0,443,17,9,0,1,1,1,3,1,5,0
1339,4,2,181,6,0,1,3,1,45,2,6,1,2,184,1383,1,1,12,0,0,2,2,1,0
572,11,2,357,26,2,3,1,0,36,2,0,2,1,540,1358,4,0,1,0,1,3,1,8,1
683,7,2,483,18,1,2,2,1,6,1,8,1,1,169,962,1,1,7,2,3,2,2,1,0
685,8,1,744,0,2,3,2,1,22,1,7,0,2,528,533,1,0,1,1,0,2,2,7,0
158,22,2,338,3,3,2,2,1,37,1,7,3,1,1125,380,7,0,0,0,1,2,1,12,2
1013,12,2,478,6,3,2,3,0,43,2,7,0,0,629,619,7,0,3,1,2,3,2,3,0
941,12,2,649,5,2,5,0,0,18,1,2,3,1,598,1259,0,0,1,0,1,6,2,9,6
1309,8,2,297,9,2,3,2,1,16,2,7,3,2,609,412,1,0,2,0,0,4,2,5,1
1270,16,2,258,2,1,1,3,0,2,0,7,3,2,810,1349,5,0,1,0,0,3,2,2,2
553,22,2,448,1,0,3,3,0,56,1,6,3,2,145,1214,0,1,9,3,0,2,1,4,2
616,33,2,764,25,3,2,0,0,36,2,3,2,1,1231,205,2,0,3,2,1,2,1,20,4
94,14,2,618,5,3,3,1,1,57,2,7,2,2,665,1297,1,0,5,0,0,0,2,11,5
877,28,2,35,1,3,5,3,1,30,2,4,3,0,935,888,2,0,0,2,1,3,1,6,1
1126,32,2,105,8,2,2,2,1,29,2,3,2,1,1319,1001,4,1,5,2,1,2,2,1,0
755,27,2,709,10,1,1,3,0,60,2,3,3,1,1273,192,3,0,2,1,1,4,3,9,1
741,24,2,106,4,1,2,3,1,60,2,3,2,1,1287,337,6,0,2,1,0,3,3,1,0
1012,13,1,366,0,3,1,1,0,20,0,8,2,2,14,815,1,0,1,1,0,3,2,1,0
1030,13,2,144,7,1,1,0,1,1,2,7,3,0,1119,368,1,0,7,0,1,5,2,13,9
834,16,2,826,8,0,1,1,0,40,2,7,2,1,775,221,1,0,9,0,0,3,1,6,1
1388,14,0,654,14,3,3,2,0,4,2,0,3,0,886,839,5,0,7,1,1,6,2,5,1
888,17,0,692,7,1,2,2,0,48,1,7,3,1,1091,679,4,1,0,1,1,6,1,13,4
65,37,2,469,7,2,3,3,0,3,2,3,2,0,1215,1018,2,1,3,2,3,2,2,5,0
709,13,0,151,8,1,3,2,1,16,1,6,0,2,133,489,0,1,11,0,0,0,2,3,1
301,0,2,454,9,2,3,3,0,39,1,8,2,2,8,448,1,0,1,0,0,2,2,0,0
936,27,1,166,24,2,3,1,0,53,2,3,1,2,1281,635,3,0,11,2,0,4,2,0,0
1027,16,2,186,0,2,1,3,0,56,1,2,1,1,372,91,5,0,6,0,1,2,1,5,0
573,8,2,654,7,2,5,3,1,8,1,7,0,2,716,50,6,0,6,2,0,2,1,4,1
56,17,1,476,17,4,1,1,1,41,2,7,0,1,1022,527,1,0,11,3,1,3,1,9,1
142,20,2,166,2,4,5,3,0,2,2,6,2,2,533,12,3,1,9,1,0,2,2,3,2
581,12,2,516,0,2,1,3,1,8,0,2,2,1,449,1298,3,0,10,2,2,2,2,2,0
1213,5,2,199,6,2,1,2,1,69,2,8,3,0,113,1335,1,1,10,1,1,2,2,3,0
1097,6,2,159,20,1,5,2,1,27,1,2,0,0,121,470,0,0,3,1,3,3,2,1,0
853,1,2,348,8,1,1,2,1,24,2,6,0,2,203,303,1,0,14,2,0,4,2,1,0
462,16,2,102,20,3,1,3,1,44,3,7,3,2,719,1033,1,0,1,3,0,3,2,10,5
386,19,2,627,13,2,1,3,0,65,2,2,0,0,338,1420,1,0,1,2,1,2,1,18,12
1162,17,2,412,9,2,3,3,1,25,1,7,0,1,1085,1128,9,0,6,2,0,3,2,13,6
198,20,2,728,1,3,1,3,1,58,2,4,2,1,872,307,9,0,3,1,0,3,2,1,0
930,33,1,546,5,1,3,1,0,10,1,2,2,2,296,122,0,0,3,1,0,6,1,7,7
1065,37,2,705,3,3,1,3,1,0,2,0,2,1,481,814,0,1,5,1,0,2,2,3,1
204,20,2,672,28,0,3,1,1,40,2,0,0,1,887,542,7,1,8,1,0,2,2,1,0
264,10,2,267,1,3,1,0,1,49,2,2,2,2,403,741,2,0,0,2,0,5,0,0,0
159,16,1,128,1,3,2,2,0,45,2,8,2,1,101,541,6,0,7,3,1,3,2,4,1
190,34,2,388,0,3,1,2,1,35,1,3,2,1,1348,215,0,0,3,0,1,5,2,32,11
966,40,2,319,6,3,3,2,0,23,1,4,0,1,1072,580,7,1,3,3,0,0,1,10,5
660,40,1,433,1,0,1,3,1,27,1,2,3,0,160,652,9,1,3,3,1,3,1,1,0
1135,28,2,292,0,3,1,3,1,26,3,3,0,2,1269,57,1,0,4,1,0,5,0,26,0
115,19,2,678,2,2,1,2,1,57,2,7,3,2,939,721,2,0,1,0,0,3,2,5,1
1138,32,1,709,19,4,3,1,1,11,2,0,2,1,1140,1078,2,1,4,2,1,3,2,29,12
675,13,2,38,6,3,1,1,1,11,1,8,2,1,139,559,3,0,4,1,0,2,3,7,5
1015,16,1,289,0,3,4,3,1,61,2,6,0,0,335,1051,5,0,3,2,2,2,2,4,1
885,7,2,792,9,3,1,2,1,27,2,7,3,2,655,1075,0,0,3,1,0,4,2,4,1
426,12,0,633,1,2,3,2,0,19,2,2,3,2,207,304,0,0,3,2,0,2,1,11,6
372,17,2,420,8,3,1,2,1,67,1,0,1,2,869,997,9,0,8,2,0,5,2,1,0
1280,19,2,712,7,1,4,2,1,59,2,1,1,0,486,622,2,0,2,2,0,4,1,10,4
75,13,2,416,7,3,1,2,0,31,2,4,3,2,557,1077,1,0,12,3,0,2,2,11,1
1192,31,2,224,15,2,3,3,0,44,2,2,0,0,216,1330,4,1,5,1,1,2,1,2,2
1103,30,2,245,15,3,1,2,0,66,2,7,2,0,857,677,8,0,3,2,1,2,2,8,7
764,10,2,652,9,0,3,3,1,44,2,8,1,1,2,1245,1,0,11,1,0,5,2,1,0
985,13,2,147,21,3,3,3,1,68,2,4,2,1,826,1097,1,1,4,3,2,3,1,10,6
400,21,1,697,0,0,1,1,1,22,2,3,2,0,1312,359,1,1,3,2,1,3,2,21,1
895,13,2,777,10,1,3,2,1,50,2,0,0,1,906,867,1,1,1,3,0,2,1,6,0
950,13,0,308,1,3,1,3,0,27,2,7,2,0,1058,401,1,1,8,0,1,5,1,10,9
1114,30,2,628,14,3,4,2,0,35,2,6,0,1,152,838,8,0,1,3,1,3,1,8,7
87,33,2,204,8,3,1,3,1,66,2,2,3,1,56,956,3,0,12,1,2,4,2,4,0
1460,11,2,228,27,3,3,3,0,43,1,6,0,2,445,375,1,0,3,1,0,3,0,5,0
698,17,2,698,17,2,3,2,0,56,2,7,2,1,593,247,1,0,5,1,0,3,2,5,1
1116,37,2,379,25,4,2,2,1,30,1,3,3,1,1331,1224,1,0,10,2,1,3,2,34,2
920,16,1,23,18,2,3,2,0,16,2,2,1,0,561,1186,4,0,2,2,2,2,3,11,5
1397,36,2,39,8,1,1,0,0,37,2,6,2,1,310,1180,3,0,0,2,2,6,1,4,2
1121,18,2,494,0,3,1,1,0,43,2,7,2,2,904,1122,6,0,2,0,0,5,2,1,0
855,19,2,553,0,2,1,3,0,26,1,4,3,1,861,462,1,0,2,1,1,2,1,14,3
768,22,2,125,25,2,2,2,1,44,2,7,0,1,990,1169,1,0,3,1,1,3,1,7,7
979,16,2,116,28,2,3,1,1,56,2,2,2,1,737,893,4,0,2,0,2,1,2,8,7
719,29,2,539,3,1,1,3,0,53,2,7,3,2,502,382,1,1,6,2,0,0,2,9,0
1057,11,1,8,12,2,5,0,0,21,2,7,1,2,784,892,5,0,0,0,0,4,0,5,0
491,25,1,569,8,4,3,3,1,42,2,2,2,0,773,1009,3,1,2,1,1,3,2,8,4
181,16,2,337,26,1,3,3,0,65,2,6,1,2,128,217,2,0,4,3,0,3,2,3,1
799,24,2,229,1,1,3,3,1,5,2,3,0,1,1274,717,0,0,6,3,1,3,2,22,13
571,8,1,300,0,1,1,0,0,41,0,2,3,0,543,185,3,0,3,0,1,2,2,2,2
872,15,1,654,24,2,3,1,0,52,2,7,2,1,581,156,1,0,1,0,1,3,1,10,0
1241,14,2,171,18,2,1,3,1,50,0,7,2,1,1042,98,3,0,2,2,1,2,0,4,0
120,12,1,760,22,2,1,0,1,66,0,6,2,0,222,1174,1,0,14,2,3,2,1,10,0
1263,24,2,478,11,2,3,1,1,27,2,2,1,0,268,402,8,0,11,1,3,6,1,5,0
521,9,1,832,2,0,3,3,0,41,3,7,3,0,600,848,1,1,9,1,2,3,2,6,0
1467,9,2,39,3,2,1,1,1,57,3,4,1,1,821,175,1,1,9,1,1,0,2,6,0
1024,29,2,162,1,3,3,0,0,52,2,5,2,1,1261,1411,3,0,8,1,2,2,3,20,5
186,22,2,561,3,0,3,3,0,16,2,3,2,1,1299,262,1,0,3,1,1,2,2,20,9
1109,12,2,746,28,3,5,2,1,3,2,7,1,1,1028,910,3,0,1,1,1,3,2,4,1
1343,11,2,313,6,2,1,3,1,29,2,2,0,2,50,996,3,0,3,1,0,2,2,3,1
529,20,2,462,0,3,1,1,0,3,3,0,3,2,951,995,0,0,2,2,0,4,1,9,1
133,23,2,447,8,0,1,2,1,66,2,7,2,0,980,1110,3,1,2,2,1,2,2,9,0
421,11,2,190,24,4,5,2,0,41,1,6,1,1,202,936,5,0,5,1,0,2,3,2,1
1250,11,1,222,0,2,1,3,1,40,3,0,2,2,839,1225,8,1,1,3,0,5,3,3,0
81,17,2,694,0,2,3,1,1,0,1,6,2,2,302,1391,1,0,7,0,0,3,2,6,0
528,32,1,291,7,1,5,1,1,20,2,7,2,1,899,1251,3,1,3,0,1,4,2,4,1
1384,16,2,527,0,2,2,0,1,2,2,7,3,2,1061,277,1,0,10,0,0,3,1,14,2
432,16,2,754,1,3,1,3,1,32,1,6,2,0,269,370,3,0,1,2,1,3,2,7,5
1271,3,2,153,6,0,2,1,1,1,2,8,1,2,240,139,1,0,2,1,0,3,2,1,1
669,21,2,636,5,2,3,3,1,40,2,2,0,1,166,128,7,1,10,3,0,2,0,2,2
593,18,2,374,0,2,4,2,0,5,2,4,1,1,699,1242,0,0,4,0,1,2,2,9,0
1449,14,2,267,1,2,5,3,1,48,2,6,0,2,177,539,1,0,3,3,0,4,2,4,1
664,18,2,841,13,0,1,2,1,38,2,0,3,1,878,153,0,1,6,0,1,2,1,16,4
1007,11,1,153,13,0,4,2,0,54,2,0,3,2,948,1215,0,1,1,0,0,1,2,8,7
558,14,1,202,23,3,1,0,1,50,2,2,3,1,713,1106,1,0,4,3,2,2,2,10,4
1279,26,1,201,0,1,3,2,1,69,2,6,1,0,145,529,1,1,1,2,3,2,1,5,2
607,31,2,675,10,2,2,2,0,13,2,7,3,1,957,224,1,0,7,0,2,3,3,9,7
1112,20,2,507,1,2,3,2,1,51,2,4,1,1,641,327,4,0,0,0,2,2,2,5,1
12,13,2,368,25,0,1,0,1,1,2,6,2,0,314,750,1,0,6,3,1,1,1,5,4
1464,8,2,663,4,2,4,3,0,0,1,8,2,2,325,1117,0,0,7,3,0,2,2,4,0
73,14,2,280,0,2,1,1,1,36,2,6,1,1,831,312,1,0,6,1,2,3,2,10,0
321,13,2,382,6,2,2,3,1,43,2,7,3,0,947,300,4,0,1,3,3,3,2,7,1
922,26,2,684,3,1,1,2,1,62,3,3,0,0,1311,891,1,0,3,3,2,4,1,25,14
302,10,2,874,15,1,3,1,1,38,3,0,0,2,767,154,0,0,8,2,0,2,2,8,0
443,4,1,800,3,0,5,2,1,69,1,2,2,2,454,414,5,0,5,2,0,3,2,2,1
701,35,2,807,1,1,3,2,1,15,2,3,2,0,1217,686,6,0,2,2,1,3,3,17,15
309,13,2,382,4,3,5,2,1,56,2,6,3,1,636,473,0,1,1,2,1,4,2,5,0
845,22,1,506,25,1,3,2,0,62,1,6,3,1,556,1112,3,1,2,3,1,3,0,1,0
163,39,2,150,23,1,1,2,1,53,3,0,3,0,1036,1247,3,1,5,1,1,2,0,5,1
47,19,2,190,18,1,1,1,1,43,2,6,1,1,336,482,4,0,10,0,0,1,2,1,0
1085,13,1,290,2,2,1,3,0,3,2,6,2,2,489,113,1,0,1,0,0,2,0,7,7
98,40,2,376,9,3,3,3,1,7,2,7,2,2,1205,1300,0,0,2,2,0,1,1,35,1
942,18,2,143,9,3,5,3,0,33,2,0,2,1,924,219,3,0,1,0,0,0,2,7,1
1226,14,1,306,9,2,1,0,1,26,2,6,2,1,392,884,6,0,2,0,1,3,1,5,1
527,14,2,521,9,2,2,3,1,25,2,7,3,2,731,1137,1,0,1,3,0,2,1,10,0
478,7,2,333,12,0,3,1,1,10,2,8,2,1,64,1399,1,0,0,2,0,1,2,7,0
280,35,2,605,2,3,3,2,1,15,2,5,2,1,1270,1093,3,1,5,3,3,5,1,5,1
1423,4,2,302,0,1,1,3,1,33,2,6,2,2,382,899,0,0,1,3,0,2,3,3,1
131,32,1,452,11,2,2,2,0,47,2,7,3,2,1026,268,4,0,0,3,0,3,2,2,2
1106,12,2,414,0,2,1,1,1,34,1,7,0,1,1051,186,1,0,0,3,1,4,2,10,6
1259,12,2,130,15,2,1,2,1,28,3,0,2,1,708,413,3,0,5,2,1,3,2,7,1
771,36,2,609,1,3,1,2,0,11,1,7,2,1,1114,369,6,0,0,1,1,4,2,9,7
1177,32,2,455,16,4,1,3,0,20,1,5,0,0,1177,1152,5,0,4,2,3,3,2,14,1
215,23,2,503,5,2,1,3,0,45,2,3,3,2,1192,728,3,1,7,2,0,3,2,1,0
135,18,2,78,5,1,3,1,1,54,2,4,1,0,654,34,6,0,9,3,2,0,2,3,0
390,25,2,556,11,2,1,0,1,29,1,5,1,0,1212,132,1,0,0,2,1,3,2,25,3
1426,14,2,108,28,3,1,2,0,19,1,2,1,2,295,796,1,0,2,2,0,3,2,6,4
632,24,1,734,1,0,3,1,1,5,2,6,3,2,193,408,5,1,3,3,0,2,2,2,2
298,18,1,293,17,3,1,2,1,51,3,2,3,1,429,298,4,0,7,3,2,2,2,1,0
1346,27,2,285,24,1,1,1,0,63,1,4,3,1,798,1276,0,0,2,3,2,2,1,9,3
403,23,2,348,0,2,2,1,1,19,3,7,0,1,989,1005,1,0,5,2,1,2,2,10,0
636,17,1,19,24,3,1,3,0,66,2,6,1,0,40,843,1,1,8,0,1,3,1,10,7
487,2,2,542,0,2,1,3,0,53,1,6,1,2,294,561,1,0,2,3,0,0,3,1,0
1220,18,2,268,1,3,1,2,0,21,2,8,3,2,572,317,3,0,4,2,0,2,1,13,6
516,5,2,495,3,2,3,0,1,28,3,6,0,1,290,379,2,0,5,0,1,3,3,3,0
195,19,2,121,20,2,1,1,1,35,3,6,0,1,413,1221,1,1,1,0,1,3,1,8,1
335,22,2,638,0,1,3,1,1,27,0,7,3,1,942,645,2,1,11,2,3,2,1,4,0
1105,15,2,714,7,3,1,0,1,16,2,7,0,1,852,505,2,0,2,3,1,6,0,2,2
697,11,1,830,19,2,5,2,0,54,2,8,3,1,83,931,1,0,4,1,1,5,2,3,0
495,9,2,837,1,0,2,2,1,55,2,8,0,0,340,826,0,0,0,1,1,3,2,4,0
556,35,2,158,5,2,1,3,1,56,2,2,3,2,179,522,2,0,6,3,0,4,2,2,2
1081,17,2,580,15,2,1,3,0,61,1,0,1,2,998,1109,1,0,8,3,0,3,0,11,3
537,9,1,122,9,1,1,3,1,2,2,4,0,0,1009,151,1,0,10,2,2,4,1,9,1
1058,16,2,438,23,3,3,0,0,10,1,7,1,2,592,340,0,1,12,2,0,2,3,15,10
424,39,2,75,28,2,2,0,1,26,1,3,3,0,1210,1162,3,0,1,2,1,3,1,1,0
1215,17,1,32,1,3,3,0,1,49,1,6,3,2,652,690,0,1,3,2,0,2,3,5,1
58,13,2,356,6,3,1,3,1,18,2,2,3,0,800,436,3,0,11,3,1,3,1,7,1
1011,18,2,668,2,3,2,0,0,69,2,7,1,2,1029,1082,3,1,5,3,0,3,2,5,0
839,24,2,350,3,3,2,1,1,15,2,7,0,2,687,9,7,0,2,3,0,3,3,6,1
239,14,2,259,0,2,1,3,1,32,1,2,2,2,437,439,0,1,3,3,0,2,0,3,1
868,10,2,671,18,3,3,3,1,48,1,2,0,1,360,610,1,0,1,2,3,2,2,6,3
1243,27,2,51,3,2,1,2,0,26,0,1,2,1,1056,265,4,0,10,2,2,2,3,5,0
1430,20,2,67,9,2,3,1,0,69,0,5,2,1,1171,70,3,0,1,0,1,3,2,18,1
587,34,2,771,10,3,1,3,0,52,2,2,2,1,354,1145,8,0,9,1,1,3,2,5,1
27,24,2,382,7,3,2,2,1,18,2,7,1,1,905,1108,0,0,0,3,1,2,2,9,4
414,6,2,855,0,0,5,0,0,32,2,8,1,2,362,1151,1,1,5,1,0,4,2,5,1
577,19,2,296,9,0,1,3,0,52,2,6,0,0,274,1030,0,1,2,1,2,3,1,5,4
126,40,2,33,22,3,3,3,0,64,2,0,3,1,1086,79,1,0,1,3,1,3,1,36,15
535,23,2,199,9,3,0,1,1,43,1,3,3,0,1306,395,3,0,4,1,3,2,1,21,12
596,17,2,726,0,3,1,3,0,10,3,6,2,2,191,646,3,0,2,2,0,0,2,2,2
375,31,2,728,6,2,4,1,1,1,1,0,2,2,1133,581,8,0,13,2,0,2,2,5,0
825,11,2,399,7,0,3,1,1,49,1,4,3,1,670,903,1,1,4,2,1,2,1,10,1
1129,24,2,597,8,1,4,3,1,63,1,3,3,2,1332,1398,8,0,11,3,0,2,2,1,0
348,24,2,453,22,4,1,0,0,14,2,5,3,2,1224,795,2,0,3,1,0,2,2,1,0
1447,18,0,126,14,3,2,3,1,58,0,7,3,0,734,497,1,0,13,0,1,4,1,15,11
1143,27,0,152,25,2,2,0,1,22,1,7,0,1,549,1290,1,0,4,0,1,2,2,10,4
90,22,1,268,0,3,1,2,1,48,1,0,1,1,1186,699,1,0,11,3,1,3,1,22,11
692,14,2,248,2,3,3,2,0,63,2,4,0,1,893,667,1,0,1,2,1,2,3,8,6
1359,16,2,410,2,0,3,3,0,45,1,7,3,1,977,836,3,1,1,2,0,3,1,4,0
262,14,2,17,1,0,5,3,1,54,1,2,0,2,87,1019,4,0,2,3,0,5,2,6,0
774,37,0,214,1,0,3,2,1,10,1,3,0,2,1244,882,7,0,4,1,0,3,3,9,6
1377,31,1,601,1,0,1,1,1,12,2,5,3,1,1308,678,3,0,4,3,0,3,2,5,4
409,24,1,270,28,1,1,0,0,62,2,6,2,0,585,629,2,0,0,1,1,3,2,5,0
148,23,2,525,8,3,1,2,1,64,2,2,0,1,104,286,2,0,10,3,1,2,2,5,1
336,11,2,140,7,3,4,1,1,47,0,2,0,1,71,149,1,1,0,3,0,4,1,7,0
1142,27,2,576,4,4,3,2,0,20,0,2,0,2,786,1250,1,1,3,0,0,3,2,10,1
1133,25,2,562,26,2,5,3,1,57,3,2,1,0,644,223,5,0,1,2,1,0,2,6,0
78,19,2,185,6,3,3,0,1,0,2,5,2,2,1195,1342,4,0,2,0,0,3,3,5,0
1092,27,2,536,27,2,5,3,1,67,2,6,3,1,74,140,4,0,9,3,1,3,2,5,0
399,13,2,146,0,1,1,3,1,68,1,2,0,1,98,818,1,0,1,2,1,3,2,4,3
831,13,1,487,14,2,3,2,1,42,2,2,2,1,221,254,1,0,1,2,1,5,1,2,2
35,25,2,736,1,1,3,3,0,42,3,6,2,0,229,1150,1,0,1,3,2,3,1,5,1
464,19,2,445,0,2,5,1,0,29,2,4,3,2,944,1274,4,0,6,3,0,3,3,6,1
512,9,2,632,2,3,3,0,1,24,1,6,3,2,47,751,0,0,2,3,0,0,2,4,1
480,12,1,217,11,3,1,1,1,44,1,8,0,1,44,720,1,0,7,2,1,2,3,1,0
680,18,2,58,6,3,4,1,1,35,2,6,3,2,606,1237,2,0,7,2,0,6,2,6,0
1023,38,2,724,0,1,1,0,0,60,2,6,0,1,52,498,2,0,11,3,1,3,3,3,1
6,41,2,770,2,2,3,2,0,51,3,2,0,1,238,463,4,1,9,0,3,3,1,1,0
817,18,0,79,17,3,1,0,1,48,2,4,3,2,961,1233,2,0,9,0,0,0,2,11,0
1314,27,0,310,1,3,1,2,0,37,2,7,2,1,686,1013,4,0,11,1,2,3,3,8,5
1048,16,2,772,2,2,4,3,1,51,0,7,0,2,621,793,3,0,7,3,0,2,2,13,3
1365,11,1,416,23,2,5,2,1,15,3,8,0,2,4,506,1,0,6,3,0,3,2,1,0
303,13,2,80,6,2,5,1,1,70,3,7,3,1,916,593,4,0,0,1,1,3,1,8,7
1274,13,2,64,28,3,2,0,0,61,1,7,3,1,744,654,1,0,3,0,2,3,2,12,5
216,12,1,150,25,3,2,2,0,22,1,7,0,2,891,1220,5,0,4,2,0,5,1,6,0
1041,10,2,482,4,2,3,3,1,54,2,7,0,2,993,1254,0,0,7,3,0,4,2,5,1
350,24,2,278,1,0,5,2,1,22,2,1,2,0,249,1283,0,1,0,2,1,5,2,3,1
1415,15,0,761,0,1,3,1,1,29,1,2,2,0,35,1063,1,0,1,2,3,2,1,1,0
1389,13,1,639,0,2,1,3,1,18,0,6,0,1,663,220,1,0,10,1,0,6,2,10,8
202,16,1,488,9,3,3,3,1,13,2,6,2,0,447,230,1,1,6,3,1,4,3,5,2
980,13,1,390,1,2,1,2,0,60,1,8,3,2,276,572,7,0,3,2,0,3,3,1,0
383,4,2,99,10,2,3,0,0,13,2,6,1,1,105,1302,1,0,2,3,1,1,2,2,1
534,35,2,548,6,2,1,2,1,29,3,5,2,1,1216,662,3,0,8,2,0,3,2,5,1
310,13,2,4,1,2,0,0,1,32,1,1,0,1,854,914,3,0,1,3,0,1,2,2,1
1113,14,0,685,0,3,5,3,1,32,2,6,0,1,490,1338,4,0,3,1,1,3,1,6,1
408,34,2,880,3,1,1,3,0,0,2,3,3,1,1236,488,2,0,2,3,0,2,0,5,1
759,27,2,437,23,3,3,1,1,6,2,1,1,2,88,365,1,0,5,0,0,3,2,6,0
8,20,1,78,22,2,1,3,1,14,1,4,2,2,1038,389,0,0,10,1,0,2,2,9,1
241,14,0,552,25,3,2,2,1,70,2,7,3,1,566,582,0,0,7,0,0,2,2,3,2
1200,26,2,266,0,2,1,2,0,14,2,1,3,0,359,115,4,1,7,0,3,2,2,2,2
1237,14,2,543,0,1,1,0,1,4,0,7,1,2,895,590,6,0,4,1,0,2,2,0,0
1203,35,2,822,23,3,3,1,1,18,3,0,3,1,921,78,3,0,4,2,0,2,2,4,1
1159,21,1,395,3,2,3,0,0,51,2,4,2,2,668,55,0,0,2,3,0,2,0,9,3
1242,22,2,326,6,3,3,1,1,58,2,3,1,2,1341,133,1,0,3,1,0,3,1,21,12
1396,35,2,664,23,3,1,0,1,36,2,7,0,2,1098,222,6,1,2,1,0,2,1,2,2
935,14,2,322,7,2,3,2,1,26,3,7,3,1,829,558,1,0,4,2,2,4,3,10,0
531,14,2,578,2,1,1,2,0,9,2,5,3,2,1138,994,3,0,4,3,0,6,2,7,7
876,2,2,355,20,2,2,2,1,13,3,8,3,2,239,168,1,0,6,3,0,2,2,2,2
275,19,0,408,0,3,3,0,0,50,2,5,3,0,1193,557,2,1,7,0,2,2,2,5,0
1118,8,2,233,2,2,1,0,0,59,2,6,3,1,49,530,1,0,10,0,0,5,2,1,0
927,18,2,201,1,3,1,2,0,23,2,4,1,2,735,13,9,1,0,3,0,2,2,16,5
1045,22,2,503,1,2,3,2,1,38,2,6,2,0,146,353,2,0,3,2,1,3,3,3,1
729,17,2,304,24,3,3,2,0,27,2,0,2,0,1092,287,1,1,0,2,1,3,1,16,10
644,13,2,701,10,3,1,3,1,18,2,6,3,1,149,738,3,1,8,1,1,2,2,6,0
503,16,2,824,0,4,1,1,1,12,2,6,3,1,245,328,1,0,1,3,1,4,1,10,8
62,32,2,561,6,1,3,1,0,13,1,5,2,0,1293,849,5,1,1,3,1,2,1,27,13
725,17,2,333,13,3,4,2,1,9,1,2,1,0,439,472,1,1,13,3,1,2,0,4,0
823,11,1,244,9,2,1,3,0,31,2,6,1,0,371,918,0,0,3,3,2,2,1,7,1
315,25,1,57,9,3,1,2,0,3,2,2,3,2,181,507,0,0,8,0,0,5,2,8,1
1020,29,2,225,0,2,5,0,1,44,2,6,3,1,389,479,7,0,1,2,1,2,1,6,1
1289,20,0,780,1,2,0,0,1,70,2,1,1,0,217,299,5,0,2,3,3,3,2,11,3
812,25,1,609,26,2,1,2,0,53,2,4,0,1,1121,551,8,0,0,2,1,1,2,8,0
1130,17,2,418,27,2,1,1,1,16,3,2,2,1,386,1348,1,0,6,3,2,3,1,10,6
1154,29,2,669,25,3,1,3,0,68,2,3,2,1,1336,180,3,0,0,2,1,2,2,5,1
496,3,2,784,21,0,5,2,1,19,2,8,2,2,395,1304,1,0,0,2,0,2,2,3,1
761,18,2,359,14,2,4,0,1,51,2,2,2,0,637,342,7,0,3,1,1,3,1,1,0
622,14,2,10,12,3,1,1,1,43,2,7,3,0,553,420,2,0,0,2,1,3,1,5,0
154,14,1,545,7,2,2,1,0,13,2,7,3,2,1021,774,1,0,3,3,0,2,2,9,3
1429,21,2,9,23,0,1,0,1,22,2,6,3,2,495,188,7,0,2,0,0,2,2,7,1
810,28,2,189,2,0,2,0,1,22,2,3,2,1,1268,775,3,0,1,3,1,3,2,12,4
801,32,1,542,0,3,4,3,1,51,2,7,2,2,616,878,3,1,3,3,0,4,2,0,0
983,16,2,187,1,3,5,2,0,68,2,0,3,2,889,246,1,0,0,3,0,2,3,14,4
188,16,1,604,1,0,1,3,1,15,1,4,2,1,1039,697,1,0,6,2,0,2,1,10,1
189,33,2,136,2,2,3,3,0,68,2,0,1,2,1199,305,3,0,7,2,0,6,2,7,1
1093,24,1,119,1,2,1,3,1,10,2,0,3,1,1075,946,2,1,3,2,1,3,0,20,13
991,14,2,249,1,0,2,2,1,6,2,7,1,1,487,1071,0,1,2,0,3,3,1,3,1
242,23,2,833,18,1,1,2,1,6,2,6,0,0,348,1028,2,0,5,0,2,2,1,1,0
1304,22,2,418,11,2,1,1,0,17,2,0,0,0,563,511,2,0,1,1,1,3,2,7,7
647,17,2,370,24,2,5,3,1,48,1,4,1,1,1128,414,3,0,5,0,0,2,2,13,4
1340,18,2,731,9,3,5,1,0,33,1,7,2,1,769,237,1,1,2,0,1,4,2,10,1
1398,15,1,754,6,1,1,3,1,6,2,0,2,0,805,924,1,0,9,2,3,2,2,9,2
351,14,2,599,1,2,3,2,0,45,2,2,1,1,154,103,1,0,2,2,1,4,2,8,0
41,9,2,713,1,3,1,3,0,3,2,2,0,0,144,1016,1,0,2,3,1,6,2,1,0
1210,15,2,108,20,2,3,1,1,49,3,2,1,1,42,674,1,0,7,3,3,6,2,14,2
1256,20,1,315,1,1,3,2,0,45,1,2,1,1,183,797,4,0,3,1,1,4,1,6,0
99,26,0,243,22,2,3,1,1,37,2,2,1,1,45,1332,4,0,1,2,1,3,3,3,1
785,22,2,881,19,3,5,0,1,31,2,0,3,1,1087,1406,4,0,9,3,1,6,2,11,11
918,33,1,88,8,2,1,3,1,53,2,3,1,0,1343,980,4,1,13,0,1,5,1,28,11
1335,21,2,468,18,3,4,3,1,11,2,6,3,0,455,173,8,0,3,1,3,2,2,2,2
1182,18,0,501,0,3,3,3,0,3,1,4,2,1,545,765,0,0,4,2,0,6,2,3,1
1176,31,2,126,21,3,4,0,0,42,2,5,1,1,1233,81,3,0,5,1,2,2,2,4,1
536,42,2,671,15,3,2,0,1,54,2,7,0,2,733,574,8,0,3,3,0,1,2,2,2
639,31,2,836,0,2,5,2,0,6,2,6,0,1,416,502,2,0,5,1,1,2,2,4,0
208,22,0,657,8,4,1,3,1,33,1,0,3,1,644,707,9,0,3,3,1,5,0,3,0
83,20,0,298,5,2,3,1,0,49,0,6,3,0,717,782,7,1,1,3,3,3,2,13,1
861,28,2,828,1,2,2,2,0,39,2,3,0,1,1256,1286,8,0,12,0,0,2,2,26,15
250,19,1,252,9,2,3,0,1,31,2,4,2,0,1073,1189,6,0,0,1,2,5,2,1,0
1101,14,2,461,4,1,1,3,0,37,1,6,1,1,796,776,3,0,1,0,1,2,2,7,2
76,17,2,432,0,3,2,2,1,2,1,7,0,2,532,1223,0,0,3,1,0,2,2,15,2
228,17,1,532,0,2,2,2,0,62,2,7,2,2,1008,410,1,0,3,0,0,3,3,10,0
490,20,2,164,0,0,1,2,0,13,2,6,0,2,223,723,3,0,6,3,0,3,1,0,0
584,24,1,295,7,2,1,1,1,36,2,3,3,0,1288,820,1,0,2,1,1,4,1,24,14
1281,17,2,128,26,2,1,2,1,54,2,7,3,2,792,659,1,1,7,3,0,2,2,10,7
820,17,1,674,10,1,2,3,1,24,2,7,3,0,658,943,1,0,0,3,1,3,2,5,0
1416,20,2,767,0,3,1,3,1,56,2,7,1,1,560,326,0,0,4,0,2,3,2,15,5
643,24,2,730,2,2,1,2,0,65,3,2,3,1,700,1264,2,1,2,1,1,1,1,5,1
1197,2,2,407,8,0,1,3,1,24,2,8,0,2,261,1101,1,0,0,0,0,3,2,2,0
904,30,2,397,0,2,1,3,1,46,1,5,3,2,1285,385,6,0,1,2,0,3,3,1,0
1195,31,2,452,0,2,1,2,1,6,2,3,2,2,1219,1176,4,0,3,0,0,2,2,8,0
754,15,0,587,7,0,1,1,0,58,1,8,3,2,145,1120,0,0,8,3,0,2,1,2,2
439,13,1,271,19,2,1,0,1,36,2,0,2,1,1057,1212,3,0,1,0,0,2,2,1,0
419,12,0,826,2,2,1,2,1,23,2,2,3,1,65,850,4,0,4,2,1,3,0,5,1
1079,21,2,614,5,2,1,1,0,2,2,4,1,2,986,416,4,0,7,3,0,3,2,2,2
1156,22,2,494,14,2,1,0,0,50,1,4,2,1,1095,1370,1,0,2,3,2,2,2,18,14
1028,23,2,744,4,4,3,1,1,60,3,6,2,1,73,202,2,1,1,0,0,5,1,4,0
323,10,2,660,1,3,3,0,1,54,0,6,3,1,398,1320,5,1,2,3,0,4,1,3,2
520,30,2,456,1,0,2,1,1,26,3,7,1,1,978,945,3,0,1,3,0,3,2,2,2
1247,13,2,571,4,2,5,0,1,21,2,7,2,1,985,1088,1,0,8,2,1,3,2,5,0
1201,5,2,766,7,0,3,3,1,63,1,2,2,2,472,1073,1,1,0,0,0,2,2,5,1
1064,12,2,147,0,2,1,2,1,16,2,1,2,0,51,767,0,0,10,0,1,3,3,5,1
828,0,0,94,7,0,3,2,1,50,2,2,2,2,31,668,1,0,1,3,0,0,2,0,0
1316,25,1,839,1,3,1,0,1,62,2,7,3,1,771,983,1,0,9,2,1,5,2,7,7
661,25,2,52,7,2,1,0,0,25,2,4,1,0,622,1271,4,0,10,2,1,2,3,1,0
200,9,1,232,0,0,5,2,1,30,1,4,0,1,529,444,5,0,8,2,1,1,2,2,2
349,11,0,416,1,2,1,3,1,31,2,7,2,1,602,857,1,0,3,0,1,3,1,4,0
1260,14,0,537,4,3,5,1,1,35,2,6,1,2,257,902,2,0,3,1,0,3,2,7,0
833,9,2,65,5,2,1,3,1,25,1,6,2,1,199,345,1,0,2,2,1,0,2,4,2
881,14,1,763,1,1,1,3,0,8,2,6,2,2,661,15,4,1,3,3,0,2,2,8,0
1444,38,2,134,6,1,5,3,1,42,2,2,2,1,142,87,8,0,0,3,1,4,0,10,9
1223,29,1,618,8,2,1,2,1,52,0,7,2,1,1164,1291,7,0,0,2,0,3,0,23,14
598,10,2,499,1,3,3,2,1,16,2,6,2,2,548,827,6,0,6,3,0,3,1,2,2
1014,13,2,56,7,4,1,0,0,63,2,5,1,2,1234,394,3,0,0,2,0,3,3,3,1
1456,17,1,684,17,3,1,2,1,50,2,0,2,1,774,1313,1,1,3,3,2,2,3,10,0
612,10,2,423,1,3,2,1,0,51,2,7,1,1,629,90,1,1,9,0,0,2,2,8,7
602,12,2,534,1,2,3,2,0,22,1,4,3,2,913,1048,5,1,13,1,0,4,1,0,0
852,11,2,827,5,0,3,1,0,24,2,2,3,1,351,1397,1,0,2,0,1,5,2,10,0
355,8,2,525,0,2,1,2,1,27,2,7,2,1,710,1043,1,0,6,1,1,3,2,8,7
858,35,2,702,6,1,3,3,0,20,2,3,2,0,1289,949,3,0,7,1,1,6,2,7,4
663,3,2,842,17,0,4,3,0,35,2,6,3,2,246,397,1,0,8,0,0,3,1,1,0
493,26,2,631,0,3,1,0,0,20,1,1,2,2,808,1418,4,0,0,1,0,1,3,2,0
452,27,2,290,1,2,4,3,1,31,2,7,1,1,633,816,0,0,8,1,1,3,3,8,3
1021,7,2,178,8,1,1,0,1,38,1,8,0,1,551,753,3,0,1,0,0,2,2,3,2
211,12,0,464,0,0,1,2,1,58,1,4,2,2,994,1085,1,0,11,2,0,2,2,11,5
180,13,2,26,11,0,3,2,0,65,2,6,3,1,461,288,8,1,12,2,1,0,2,4,0
1060,6,1,177,8,2,3,1,1,59,2,2,0,2,357,859,2,1,0,2,0,2,1,0,0
395,25,1,136,20,2,3,3,1,31,2,2,3,1,106,756,7,0,9,0,1,1,2,3,1
244,27,2,98,0,2,4,2,1,40,3,3,3,1,1313,798,0,0,0,2,1,2,2,24,1
780,10,0,799,23,1,5,1,1,42,1,0,0,2,1005,603,1,0,1,0,0,2,1,10,1
274,3,2,567,2,1,3,3,1,70,1,6,2,2,369,501,1,0,6,0,0,4,3,3,1
205,11,2,14,26,2,2,1,0,5,2,7,3,1,954,1309,1,0,11,3,3,3,1,10,1
546,11,2,823,9,2,1,2,1,69,2,8,2,2,227,33,1,0,0,2,0,6,2,1,0
286,26,1,515,23,2,1,3,1,13,2,2,2,0,355,1032,3,1,11,3,1,0,0,1,0
392,36,2,459,4,1,3,0,1,56,2,5,0,1,1321,377,4,0,0,2,1,4,1,4,1
649,35,2,0,22,3,1,3,0,42,2,5,3,2,1211,1046,6,0,7,2,0,0,2,12,3
220,18,2,823,4,1,1,3,1,32,2,2,1,2,799,458,8,0,5,3,0,3,3,13,3
846,17,2,458,1,2,1,2,1,14,1,4,1,0,1084,1007,2,0,7,1,1,2,3,7,6
234,15,2,455,13,2,3,2,1,28,2,2,3,1,174,1165,5,1,2,2,1,2,0,5,0
34,6,2,455,0,2,3,1,1,31,2,6,3,1,120,47,2,1,5,0,1,2,1,2,2
85,38,2,826,6,2,1,3,1,19,0,4,3,2,929,1136,4,0,0,0,0,3,1,6,0
156,33,2,665,6,3,3,1,1,4,1,4,2,1,819,692,2,0,6,2,0,2,2,1,0
1009,40,2,596,0,2,3,3,0,46,2,5,0,1,1338,1179,3,1,10,2,1,3,2,9,1
859,11,2,530,14,0,1,1,0,39,0,6,3,1,85,1421,0,1,7,0,1,2,1,5,1
629,10,2,665,7,1,3,1,1,33,1,1,3,0,653,1279,1,0,2,3,1,6,2,5,0
363,15,2,159,4,2,2,3,0,4,2,8,2,2,298,416,1,1,2,1,0,2,2,1,0
790,15,2,355,4,2,1,3,1,4,1,0,3,0,926,1113,4,0,4,2,1,2,2,3,1
1272,20,2,658,5,1,4,3,0,10,1,2,2,1,434,829,1,0,0,1,1,3,2,5,0
1336,37,2,469,1,3,5,1,1,68,1,6,3,1,237,347,8,0,9,1,1,2,3,5,0
925,24,2,321,6,3,3,1,0,48,3,6,1,1,155,211,6,1,5,3,0,2,2,1,0
509,15,1,749,5,2,1,2,1,0,2,0,3,0,959,187,3,0,12,2,1,2,0,13,4
67,27,2,782,6,2,1,1,1,29,2,6,0,0,1053,961,2,0,6,2,1,2,2,1,0
1308,20,2,404,1,3,2,1,0,47,0,8,3,1,733,121,2,1,9,0,2,4,1,4,0
866,22,1,675,1,3,3,1,1,32,2,7,1,1,538,1353,5,0,1,3,3,2,2,0,0
742,32,2,448,8,2,1,0,1,34,2,2,3,1,160,1045,4,0,7,1,0,5,2,1,0
620,17,2,784,26,0,3,2,0,23,1,6,0,2,205,915,1,0,0,3,0,3,1,6,1
471,20,2,882,9,2,3,2,0,46,2,0,2,1,1057,1168,3,0,8,2,1,4,2,1,0
700,40,2,120,1,2,5,3,1,21,2,6,2,2,187,1388,4,0,13,0,0,4,2,1,0
393,16,0,812,3,3,2,2,0,42,2,7,2,1,868,618,9,0,4,0,1,3,2,3,1
1422,17,2,880,10,3,3,3,1,13,2,2,2,1,235,1047,7,1,0,2,1,3,2,2,2
870,17,2,796,16,3,1,2,1,64,2,7,0,1,1020,1094,3,1,4,3,3,2,2,7,1
347,29,1,758,3,0,3,1,1,69,2,8,2,2,329,1366,3,0,8,0,0,3,2,0,0
1074,15,2,260,7,4,1,3,1,39,2,0,2,2,850,1155,2,1,6,0,0,6,2,0,0
329,29,2,877,4,4,1,3,1,12,2,5,2,1,1286,828,4,0,0,1,1,2,2,3,1
134,8,2,791,24,0,1,2,0,31,2,1,2,1,321,399,1,0,12,3,1,3,2,8,5
778,28,2,571,7,3,1,3,0,44,1,6,0,0,595,1095,8,1,12,0,3,2,2,16,1
9,18,2,751,26,2,3,2,1,64,2,0,2,1,701,841,6,0,2,1,2,3,1,7,7
926,25,2,269,3,3,2,3,0,26,1,7,3,2,1079,1058,3,0,3,3,0,3,3,21,15
10,17,2,452,15,2,3,0,1,54,3,2,1,1,171,834,0,0,2,2,1,5,2,5,0
631,26,2,559,7,3,1,0,1,32,3,2,3,1,289,167,2,1,13,2,1,2,1,3,0
634,7,2,27,2,0,4,2,1,68,2,7,0,1,507,712,1,1,7,3,0,3,2,5,0
1455,22,2,768,1,3,1,2,1,22,1,6,2,2,285,31,2,0,3,3,0,2,2,2,2
1383,18,0,788,8,3,1,0,1,36,3,2,1,1,286,418,1,0,11,1,0,3,2,5,0
284,8,1,247,10,1,3,0,1,30,2,0,0,1,620,1201,1,1,2,2,1,3,2,5,3
750,26,2,855,27,2,3,3,0,23,3,7,3,1,1178,559,3,1,7,2,1,2,2,12,11
370,3,2,40,11,2,1,2,0,60,3,8,1,2,256,1352,1,0,4,3,0,0,2,1,0
1403,21,2,12,14,3,2,1,1,47,2,7,0,2,1179,1334,0,0,1,0,0,3,2,20,11
1196,23,2,688,22,1,1,3,1,50,2,7,2,2,922,555,3,1,5,3,0,2,2,2,0
125,8,2,471,5,2,4,2,0,16,1,6,1,1,153,1238,1,0,8,2,0,3,1,5,4
407,27,2,60,9,1,1,0,1,39,2,6,3,1,231,442,3,0,10,3,2,3,1,2,0
880,14,1,9,12,2,4,2,0,47,1,2,1,1,264,311,1,0,9,2,1,2,2,2,2
1248,9,2,595,7,2,3,2,0,37,2,6,3,2,394,243,1,0,0,2,0,5,1,6,1
628,19,2,155,15,3,2,3,1,36,1,7,2,0,843,1312,4,0,8,3,2,2,2,1,0
541,18,0,199,7,2,1,0,0,33,3,5,0,1,1146,1056,9,0,3,0,1,2,2,8,0
139,12,2,713,8,2,0,2,1,18,2,1,3,1,844,691,0,1,8,3,0,2,0,11,4
260,14,1,759,6,2,1,1,1,70,3,2,1,1,280,1379,1,0,9,2,0,3,0,5,0
473,31,2,716,17,3,1,3,1,28,1,5,2,0,1325,5,1,1,6,2,1,5,2,30,0
165,32,2,859,10,2,1,2,0,23,2,3,1,2,1345,863,3,0,4,1,0,5,2,5,4
226,19,1,141,3,3,2,0,1,11,2,8,3,0,279,22,4,0,6,2,1,2,2,9,5
1158,19,2,369,18,2,1,2,1,55,2,4,2,1,785,1402,3,0,6,0,3,2,1,4,0
191,9,2,501,8,2,3,3,0,69,2,6,1,2,115,563,1,0,5,3,0,2,1,7,0
306,14,2,509,6,2,1,3,1,61,1,7,2,1,750,858,1,0,3,2,1,3,1,13,4
1173,18,2,395,4,3,1,1,0,12,2,0,0,1,974,1203,4,0,1,2,2,6,2,3,0
1125,11,1,566,1,0,1,0,1,57,2,0,3,0,1014,1308,1,0,8,3,1,0,3,6,1
1287,24,2,642,12,2,3,1,1,65,3,0,0,1,757,216,5,0,7,2,2,2,1,0,0
482,13,2,798,12,3,3,1,1,16,2,7,0,0,515,549,2,0,6,2,0,2,0,3,1
1238,5,2,42,3,0,3,2,0,21,2,2,1,2,373,625,1,0,2,2,0,3,0,3,1
1140,26,2,761,6,2,3,1,0,1,2,5,3,0,1302,84,0,1,3,3,1,4,1,22,1
1104,11,2,316,8,2,1,2,1,61,3,6,2,1,180,1175,6,0,7,0,2,2,1,1,0
320,9,2,808,1,2,1,3,1,44,2,7,2,2,568,183,1,1,0,0,0,3,2,5,0
1172,11,2,229,9,2,3,2,1,12,1,7,2,2,795,1248,9,0,0,2,0,2,2,5,1
1265,15,0,431,3,2,5,3,1,60,2,6,1,0,341,248,5,0,4,3,2,2,1,9,1
17,4,0,637,15,1,3,3,1,66,3,2,3,0,319,310,1,1,2,1,2,2,1,1,0
1399,25,2,299,10,2,1,0,1,0,2,0,2,1,945,853,1,0,6,1,1,1,2,10,0
430,17,2,30,21,2,1,3,1,16,0,2,2,2,514,981,0,0,4,2,0,2,2,5,4
1432,19,2,43,9,2,1,2,0,12,3,5,3,1,1200,769,1,1,14,0,1,2,2,16,6
1006,31,1,873,27,1,1,0,1,67,1,2,0,2,525,1200,3,0,9,0,0,2,2,4,1
1297,8,2,515,19,1,3,3,0,39,2,1,1,1,80,282,0,1,0,2,0,3,2,5,1
1073,10,2,610,28,0,1,2,1,66,0,4,1,1,871,60,1,0,3,1,2,2,1,8,1
1186,17,1,490,11,3,4,3,1,6,2,7,3,2,590,494,3,1,13,0,0,2,3,11,6
207,18,1,341,17,0,3,1,0,43,2,2,3,2,81,332,1,0,2,0,0,2,2,8,1
237,34,0,428,1,3,1,0,1,49,1,3,2,2,1303,1096,1,1,7,3,0,2,3,32,15
860,4,1,725,2,3,1,2,1,18,1,6,3,1,299,119,0,1,0,1,1,5,2,0,0
345,5,2,758,25,0,1,2,1,53,2,6,3,0,312,810,1,0,1,2,2,2,1,4,0
977,16,0,568,25,0,5,0,0,62,1,6,2,0,43,793,1,0,9,2,3,2,2,5,0
718,27,0,95,22,1,1,3,1,12,2,2,0,1,423,696,1,1,4,2,1,2,2,9,0
340,19,2,679,4,1,3,3,1,31,2,4,3,0,844,1230,7,0,5,2,2,2,1,6,0
1189,15,2,182,1,3,3,3,1,63,2,7,3,0,755,102,1,0,3,2,2,5,2,6,0
457,0,1,756,4,2,2,1,1,39,2,8,1,2,30,355,1,1,3,3,0,3,2,0,0
175,38,2,396,7,2,1,2,0,37,2,6,0,0,520,687,4,1,7,2,1,3,2,2,2
549,16,2,548,7,1,3,1,0,66,2,0,2,2,821,313,3,0,0,3,0,2,2,5,4
300,23,2,150,1,3,1,3,1,58,2,3,1,2,1225,794,1,0,8,1,0,2,2,22,0
459,23,0,257,1,3,4,0,0,32,1,0,2,2,902,3,2,1,6,0,0,3,2,8,0
948,12,2,340,16,3,3,1,0,65,2,3,0,1,1151,1374,1,1,12,3,2,2,2,9,0
1147,31,2,403,24,3,1,2,0,54,2,2,0,1,365,1162,1,0,3,3,1,3,1,9,1
1266,23,2,280,8,3,1,2,1,64,2,2,0,0,118,1072,1,0,9,1,2,2,2,5,0
694,15,2,604,0,2,1,1,0,12,1,0,3,2,919,600,0,0,3,0,0,3,2,5,1
707,29,1,810,15,3,3,2,1,34,3,4,2,0,672,275,1,1,8,2,0,3,3,19,2
1231,28,2,398,12,3,1,2,1,4,2,0,1,2,759,447,6,0,3,3,0,3,2,10,0
808,11,2,627,27,3,1,2,0,63,2,6,3,0,192,1424,4,0,11,0,1,1,2,7,1
1233,12,2,441,15,0,1,1,1,3,2,6,3,1,303,96,1,0,1,1,1,2,1,10,0
463,8,2,231,23,2,5,2,1,36,0,2,3,2,143,1231,1,1,7,1,0,3,0,1,0
1395,13,1,419,25,3,2,0,1,33,2,7,3,1,764,1099,1,1,0,2,0,4,2,10,0
326,21,1,370,6,1,3,2,1,24,1,3,3,1,1317,1104,1,0,4,0,1,2,2,21,13
1438,5,1,343,8,2,2,3,1,3,2,8,0,1,28,1422,1,0,8,0,1,3,1,1,1
711,11,2,509,9,2,1,3,0,62,1,6,0,2,166,548,6,1,9,2,0,5,2,0,0
730,12,2,37,7,1,1,1,0,43,3,5,0,1,1141,911,0,1,1,2,3,4,1,8,1
1219,11,2,609,8,3,3,3,0,13,2,2,2,1,328,1351,9,0,6,2,1,2,2,5,1
59,19,2,632,0,3,1,0,1,21,1,4,2,0,809,27,1,0,7,2,1,2,3,7,0
13,16,2,786,18,1,3,1,1,63,2,2,3,0,236,387,0,0,0,2,1,2,2,2,1
1461,32,2,191,27,2,2,3,1,9,1,7,0,0,1124,842,4,1,2,1,1,3,2,3,2
815,3,2,558,0,0,5,3,0,40,1,6,1,2,53,1347,1,1,0,2,0,6,3,2,2
953,26,2,526,2,2,1,0,1,59,2,2,0,1,150,727,4,0,1,2,0,4,3,3,1
767,19,2,15,2,2,4,3,0,5,2,0,1,2,494,682,3,0,4,0,0,3,1,4,0
1010,37,2,647,0,3,3,1,1,51,3,5,3,0,1214,607,2,0,2,3,2,4,3,7,0
990,15,1,630,4,0,1,1,1,31,2,7,3,1,1071,987,6,0,2,0,0,2,3,5,1
1004,8,2,353,6,2,4,2,1,70,3,2,0,2,414,1258,0,0,1,3,0,2,2,7,0
322,14,2,578,1,3,3,0,0,44,3,6,3,2,669,503,7,0,5,2,0,0,1,7,0
757,16,2,78,0,3,2,1,1,45,3,7,3,0,1054,596,0,0,0,3,1,2,1,15,0
441,24,1,872,4,1,4,1,1,67,2,2,2,1,63,423,4,0,6,3,1,4,2,2,2
1421,29,0,662,0,0,3,2,0,68,2,5,1,1,1153,875,0,0,7,0,2,3,0,13,5
705,21,2,507,1,4,1,0,1,11,3,7,2,2,966,23,0,0,7,3,0,3,2,8,0
554,9,2,551,6,2,3,3,0,25,1,0,0,2,902,1246,8,0,8,0,0,2,0,7,0
256,24,2,110,1,2,3,3,0,26,1,2,0,0,218,349,0,1,0,2,1,4,2,9,7
560,16,2,46,7,4,1,1,0,2,2,4,0,0,680,117,3,0,3,2,1,3,2,0,0
924,17,2,410,5,0,1,2,1,36,2,6,2,1,407,234,0,1,3,3,0,3,2,3,2
682,14,0,675,0,2,1,2,0,40,1,2,1,1,140,104,6,0,9,2,0,3,2,3,0
821,31,2,50,7,3,5,3,1,26,1,7,1,1,1167,571,6,0,6,1,1,3,2,9,2
72,13,2,609,0,3,3,2,1,57,2,6,1,2,190,958,1,0,6,1,0,4,2,1,1
257,22,2,835,1,1,3,0,1,19,2,5,2,0,1324,228,0,0,8,3,1,5,2,21,3
1211,19,1,741,0,3,3,2,1,1,0,7,3,0,1037,329,1,0,3,2,2,2,1,6,1
2,19,2,805,1,1,4,3,1,62,1,2,2,2,62,18,6,1,4,1,0,3,2,0,0
1334,9,1,644,14,2,1,3,0,47,1,6,0,1,626,1273,0,0,8,3,1,2,1,7,7
1144,13,1,397,1,3,4,3,1,24,2,7,0,2,718,1130,7,0,2,3,0,3,2,5,0
654,21,2,814,1,2,1,3,0,12,1,1,3,1,692,338,8,0,0,2,2,2,2,5,0
367,32,2,591,9,2,5,3,1,70,1,0,3,2,1103,33,6,0,4,3,0,2,2,4,1
1108,17,2,564,0,2,3,3,1,38,1,2,0,2,179,1140,1,0,8,1,0,3,2,3,1
906,16,2,766,19,2,5,2,0,59,3,6,2,1,215,1134,0,0,6,3,0,5,1,1,0
479,6,1,745,6,2,1,0,0,25,2,2,2,1,308,701,1,1,5,3,1,4,2,6,1
1071,31,2,111,2,1,3,2,0,13,1,2,0,1,632,1226,4,0,14,0,1,3,2,3,1
653,32,0,491,1,3,1,0,1,68,2,3,0,0,1279,138,1,0,0,3,1,3,2,30,14
585,5,2,715,5,2,1,2,1,33,3,2,0,1,23,76,1,1,10,2,2,2,2,0,0
117,18,1,868,10,1,5,1,0,62,2,7,3,1,1055,1217,0,0,3,2,1,6,2,9,2
916,28,2,47,3,1,2,3,0,3,1,3,1,1,1294,459,2,0,3,2,1,2,2,11,0
5,14,1,572,1,1,1,3,1,49,2,2,3,2,346,567,0,0,2,2,0,2,1,7,3
1364,10,1,435,0,1,1,2,1,12,1,7,3,1,907,984,1,1,1,2,1,2,2,7,0
1037,27,2,855,28,2,5,1,1,25,2,4,3,1,1032,729,4,1,7,3,2,4,3,3,1
1134,17,2,787,6,1,1,2,1,33,1,2,3,1,244,333,1,0,7,3,1,5,1,1,0
921,10,1,439,0,3,3,3,1,14,2,2,2,2,82,279,0,1,0,2,0,2,1,4,0
674,40,2,735,4,2,5,2,0,7,1,0,1,0,1107,421,2,1,2,3,1,3,2,6,0
445,37,2,634,17,4,1,0,0,53,2,3,1,2,1248,456,3,0,12,3,0,2,2,10,7
136,33,1,656,7,3,1,0,1,23,0,4,3,2,1111,1336,2,0,4,3,0,2,2,4,0
11,11,2,37,14,1,1,3,0,19,1,2,2,2,506,615,0,1,1,3,0,3,2,9,0
1036,13,1,261,1,2,1,1,1,64,2,2,3,1,436,1100,6,1,2,2,1,2,0,2,2
332,36,1,520,19,3,1,3,0,1,2,6,2,2,643,854,3,0,1,3,0,4,1,4,0
604,24,2,525,28,2,1,1,1,68,2,4,1,1,559,564,1,0,2,3,1,3,1,9,7
568,37,2,405,1,2,3,3,1,48,2,3,0,1,1344,1111,5,1,2,3,1,2,2,5,1
1310,40,1,695,14,3,1,0,1,57,2,5,2,1,1222,1131,2,1,3,1,0,3,2,2,2
1246,12,1,318,7,2,0,2,0,36,1,1,3,0,89,450,6,0,0,2,1,0,1,4,1
1408,5,2,296,11,1,4,3,1,48,2,2,3,2,230,675,1,0,2,2,0,6,3,5,1
54,8,2,852,22,2,2,2,0,17,1,7,3,1,500,1119,7,1,8,2,1,2,1,2,0
1070,10,1,227,6,2,1,2,1,25,2,7,0,2,648,566,0,0,3,3,0,5,2,4,1
233,32,2,477,0,3,3,3,0,38,2,3,3,0,1327,1288,3,0,0,2,1,3,1,7,0
84,16,2,658,0,1,3,0,1,64,2,4,1,1,537,905,1,0,4,2,0,2,2,5,1
641,14,1,176,4,1,1,1,1,18,2,7,1,1,867,398,1,0,3,3,1,3,2,10,5
1273,4,2,748,7,0,3,2,0,49,2,2,0,1,164,803,1,1,6,2,0,6,2,1,0
64,18,2,702,7,2,5,2,0,29,2,0,2,0,1074,358,1,0,2,1,3,2,2,17,12
1199,18,2,788,25,3,1,0,1,50,2,0,2,1,722,315,6,0,3,1,2,2,1,3,0
187,37,2,383,13,3,3,2,1,31,3,5,1,2,1292,649,8,0,0,3,0,3,2,24,2
776,2,1,426,8,2,2,3,0,24,2,8,3,2,135,873,1,1,3,1,0,3,2,2,0
151,17,2,361,0,4,2,2,1,64,2,7,1,1,931,546,1,0,2,0,2,3,2,10,0
1131,16,1,354,9,3,5,3,1,62,1,0,2,1,671,761,1,0,3,1,1,3,1,8,7
746,23,0,94,6,0,1,1,0,25,0,5,2,0,1347,1051,1,0,11,1,2,3,2,21,5
388,24,2,67,0,3,1,1,0,65,2,2,0,0,212,1070,3,0,5,1,1,5,2,5,1
137,21,2,775,3,3,1,3,0,17,1,7,2,1,797,724,4,0,3,2,1,1,3,15,5
172,18,1,876,2,1,3,3,1,0,2,2,1,2,60,747,4,0,1,2,0,3,1,8,7
530,9,2,325,0,1,1,2,0,38,2,4,0,1,938,233,1,0,0,3,0,3,2,9,0
786,9,0,740,7,4,1,0,1,57,0,2,2,1,597,226,1,0,8,3,3,4,2,3,1
455,15,2,517,0,4,3,0,0,65,3,5,2,0,1229,1191,4,0,8,2,1,2,2,6,0
1184,36,2,305,21,4,3,1,0,61,2,3,2,1,1266,951,3,0,14,2,1,6,2,10,4
594,11,2,721,22,1,1,2,1,51,3,6,2,1,250,1268,1,0,13,2,1,3,2,10,0
992,21,0,878,24,1,1,2,1,41,2,0,2,1,1129,77,3,0,10,1,1,2,2,6,0
1355,18,2,151,16,1,2,2,1,3,1,7,1,1,756,851,2,0,5,2,2,1,0,4,1
374,10,2,129,8,3,1,1,1,62,2,7,3,2,704,1081,1,0,5,3,0,1,2,7,0
1331,30,2,703,9,2,1,3,1,61,1,5,1,1,1337,669,4,0,1,3,0,3,2,22,12
713,27,2,550,0,3,3,3,0,61,2,2,3,0,110,525,3,0,3,3,2,2,2,5,0
160,4,2,725,18,0,3,2,1,50,2,6,3,1,135,579,1,0,13,0,2,6,2,2,2
1232,17,2,802,26,3,1,3,1,19,2,4,2,1,914,174,2,0,5,1,1,3,2,7,0
50,30,2,335,0,1,1,0,1,68,1,2,2,2,729,988,9,1,2,3,0,2,2,1,0
1132,22,2,11,13,1,1,3,0,54,2,7,0,1,599,537,1,0,4,2,1,2,2,5,1
1043,35,2,216,1,2,3,3,1,9,3,5,1,2,1238,1022,4,0,1,1,0,2,1,9,8
670,9,2,330,3,2,1,1,0,46,2,6,2,2,131,912,1,0,8,2,0,2,2,1,0
32,12,2,16,8,1,3,3,1,53,1,2,2,2,93,812,1,0,2,0,0,5,2,10,1
238,14,2,827,3,1,1,2,0,26,2,8,1,1,462,1092,2,0,0,0,1,5,2,4,1
1094,22,2,783,8,1,3,0,1,17,2,7,0,1,747,992,0,0,1,3,0,5,3,8,7
354,12,0,345,24,1,5,3,0,55,2,7,2,1,618,238,7,1,1,1,1,2,3,2,2
164,9,0,857,2,2,3,2,1,49,1,6,2,0,208,1347,1,1,4,3,1,2,1,1,0
486,19,2,287,1,2,2,3,1,45,2,7,2,1,1041,46,4,1,0,2,1,3,1,3,1
766,32,2,866,1,3,3,1,1,32,2,5,2,1,1315,623,2,1,0,3,1,2,1,8,7
1294,23,2,216,4,2,1,1,1,55,3,0,1,2,912,772,3,0,1,0,0,3,0,3,1
816,21,0,209,8,2,1,2,1,40,2,2,1,2,898,388,9,0,4,2,0,2,1,5,0
295,24,1,284,25,2,2,2,0,47,2,7,1,1,1187,737,5,0,3,3,1,2,3,20,4
972,0,0,638,0,2,1,3,0,67,2,2,3,2,24,990,1,0,4,2,0,5,3,0,0
474,6,2,382,22,2,3,1,1,59,3,6,3,1,260,1132,1,1,0,1,2,3,2,6,1
736,30,2,791,3,3,1,2,1,48,1,0,2,2,1135,1170,7,0,3,1,0,3,2,15,4
472,19,2,215,0,3,1,1,0,35,2,4,1,1,858,781,6,0,1,1,1,2,1,6,4
978,22,2,686,1,0,3,1,0,59,3,0,2,0,846,684,5,0,9,1,3,0,2,12,11
765,20,1,676,2,3,4,2,1,14,2,6,2,1,291,45,3,0,5,0,1,2,2,2,2
1387,11,2,24,0,2,1,0,1,59,2,0,0,1,725,252,0,0,1,0,1,5,1,5,0
1008,36,2,549,0,2,3,3,0,24,2,5,3,2,1264,214,6,0,8,3,0,3,1,20,12
97,10,0,13,3,2,3,1,1,13,2,7,2,1,512,396,1,0,4,1,0,3,3,5,0
1179,16,2,643,2,2,1,3,0,36,2,6,1,0,738,991,1,0,1,2,1,2,2,11,7
576,9,1,464,7,0,2,2,1,54,2,7,3,1,541,1282,0,0,8,1,1,3,2,4,1
902,9,2,663,3,1,1,0,1,46,2,6,2,0,194,62,1,0,0,1,3,2,2,5,0
951,23,0,101,9,1,3,2,1,10,0,7,1,2,823,1158,1,0,2,0,0,4,2,19,11
550,5,2,352,8,0,3,1,1,7,2,2,0,1,189,131,1,0,3,3,1,2,3,4,0
308,40,0,180,0,3,1,3,1,2,0,0,2,0,766,864,2,1,2,3,1,2,2,5,1
1152,3,2,279,4,0,3,2,1,67,2,6,3,2,350,1378,1,0,7,2,0,2,2,2,2
1262,25,1,451,16,2,5,2,1,8,1,6,2,1,175,773,9,1,5,3,1,4,2,1,0
672,24,2,223,13,1,3,2,0,38,1,7,2,2,834,341,7,0,6,0,0,6,2,5,0
1084,16,2,549,0,2,5,3,1,34,1,7,2,1,923,598,1,1,3,3,0,3,2,10,8
433,28,2,639,9,2,2,2,0,64,1,7,3,1,1023,553,2,1,8,2,1,3,2,3,1
582,22,1,439,1,1,3,2,0,8,3,0,1,1,517,457,1,0,13,3,1,2,2,8,3
1433,7,2,813,7,1,4,0,0,55,2,7,2,0,650,676,0,1,11,1,1,3,1,5,0
1405,13,0,387,9,2,3,2,0,10,2,5,2,1,1136,1417,4,0,9,2,1,2,3,11,4
1169,9,2,241,7,2,3,1,0,56,3,6,2,1,408,1184,7,0,6,0,0,0,2,3,0
813,21,1,69,1,2,1,0,1,54,2,0,3,0,1158,665,7,0,0,3,3,4,2,18,11
448,22,2,127,5,2,1,1,0,45,2,4,2,2,1174,1058,7,0,4,2,0,3,2,20,5
970,9,2,747,10,2,3,2,0,68,3,8,3,1,198,263,8,0,3,1,1,4,2,1,0
567,16,2,129,1,2,4,3,1,30,2,7,3,2,837,952,1,0,11,2,0,5,2,6,1
619,15,2,307,0,2,3,0,1,18,3,7,0,0,482,1144,1,0,11,0,1,5,2,9,0
1165,26,1,320,0,4,0,0,1,7,2,1,3,1,779,499,4,1,0,2,0,3,2,10,0
492,30,2,710,0,3,1,3,0,10,1,3,0,1,1220,921,7,0,0,0,1,3,0,3,0
385,12,1,224,3,2,5,2,1,10,2,6,3,2,116,75,9,1,12,2,0,4,2,1,0
281,24,2,341,0,0,1,1,1,69,2,7,2,1,650,1310,1,0,14,2,0,3,2,20,11
1204,30,1,394,6,1,3,3,0,65,2,8,2,1,232,560,2,1,0,2,2,3,2,9,7
483,17,2,274,24,1,4,0,1,24,1,2,3,2,428,693,4,0,3,3,0,3,2,3,0
282,11,1,212,1,1,1,1,1,14,2,7,3,2,584,1050,1,0,7,0,0,3,1,10,0
437,12,2,193,6,0,2,3,1,27,2,8,1,2,332,939,0,0,3,0,0,3,2,3,1
804,30,0,729,0,3,3,0,1,5,3,3,3,2,1252,815,2,0,11,2,0,3,1,5,2
548,25,1,431,14,2,1,3,1,17,1,7,3,1,901,1262,3,0,7,2,1,5,2,2,2
809,10,2,536,2,2,3,3,0,63,2,4,1,0,958,351,0,0,6,1,3,3,1,9,1
1307,10,2,696,0,2,3,2,0,37,2,6,0,1,417,617,1,0,14,2,1,3,2,3,1
777,3,2,779,9,2,1,2,0,6,1,2,0,2,16,879,1,0,2,0,0,6,1,1,1
1055,16,1,464,14,2,3,1,1,41,2,5,0,0,1254,576,7,0,3,3,2,3,1,14,6
1166,30,1,167,3,4,3,2,1,59,1,3,3,1,1218,208,2,0,14,1,1,3,2,2,2
673,15,2,683,0,3,4,2,1,70,1,6,0,2,282,67,3,1,0,1,0,1,2,3,0
1400,20,1,853,0,3,4,3,1,58,2,1,1,1,333,181,0,1,0,1,1,2,2,6,1
686,23,2,104,5,2,3,3,1,29,2,2,0,2,613,53,2,1,2,2,0,3,2,18,2
1275,33,2,530,2,2,5,0,0,23,2,3,2,1,1166,1222,2,0,0,3,0,2,2,2,2
1390,10,2,830,16,2,5,2,1,2,1,2,3,0,152,959,5,0,1,0,1,2,1,4,0
752,18,2,495,15,3,1,2,0,13,3,2,0,2,264,361,1,0,5,2,0,1,2,17,15
121,15,0,418,21,1,2,2,1,65,2,7,1,1,822,770,0,0,2,0,1,2,3,7,0
1167,17,2,424,14,1,3,0,1,29,0,7,3,0,739,1161,6,1,3,3,2,2,1,2,2
699,34,2,594,0,1,1,3,1,40,2,3,3,1,1258,681,2,0,4,1,1,2,1,9,7
827,10,1,430,5,2,1,2,1,9,1,6,2,0,251,1160,1,1,3,3,1,2,2,3,0
16,14,2,150,4,1,1,0,1,50,3,6,1,0,374,746,0,1,1,3,2,5,1,6,0
1451,20,2,157,9,1,1,0,0,70,2,7,3,1,720,231,1,0,0,2,1,1,2,10,1
959,22,2,261,1,2,1,2,1,68,2,6,3,2,603,1178,1,0,2,2,0,4,2,9,8
1311,0,0,844,13,2,3,1,0,3,2,6,2,2,19,350,1,0,5,2,0,4,0,0,0
1000,34,2,102,7,3,4,2,0,24,2,2,0,1,322,885,9,0,2,2,0,2,0,5,0
890,36,1,544,0,3,1,3,0,23,2,4,2,0,1104,443,7,0,6,0,1,2,0,5,1
293,8,2,536,3,3,2,3,1,18,1,7,3,2,793,373,1,1,1,1,0,0,2,8,7
857,26,2,621,9,3,1,2,1,66,2,6,2,2,320,514,1,1,0,2,0,4,2,6,0
1017,9,2,808,10,0,1,1,1,61,2,2,0,1,66,330,0,0,3,1,0,3,3,5,1
106,32,1,632,0,2,1,0,0,43,2,5,1,1,1282,452,3,1,8,0,0,1,1,8,0
726,13,1,476,0,0,1,2,0,66,2,4,0,1,498,538,1,0,1,2,1,1,2,4,0
23,3,2,181,14,1,1,2,1,66,2,6,3,2,10,986,1,0,3,3,0,6,2,0,0
710,15,0,403,16,2,1,3,1,8,2,3,2,2,1267,1069,1,0,0,3,0,2,2,10,6
69,18,2,140,8,2,3,3,1,49,1,6,2,1,385,1141,0,1,6,0,1,0,1,1,0
1366,21,0,720,20,3,1,0,0,2,0,7,2,1,778,105,6,0,8,2,1,1,2,3,1
425,32,2,623,28,3,1,1,1,58,1,3,2,1,1255,428,0,0,4,1,1,2,2,27,15
1026,14,2,319,6,4,2,3,1,67,2,7,3,1,1025,1240,4,0,1,2,1,3,1,4,0
1292,21,1,425,19,2,1,2,1,53,2,7,3,0,497,978,2,0,7,3,1,6,2,2,2
103,16,2,364,5,3,4,0,0,11,2,6,2,2,634,612,1,0,3,2,0,3,2,16,2
555,11,2,615,9,2,2,3,1,53,2,8,1,0,122,919,1,0,3,3,2,2,2,2,2
1253,15,0,744,1,2,2,3,0,32,2,7,1,2,684,508,8,0,4,3,0,2,1,11,1
1090,11,2,211,7,0,4,2,0,9,0,0,0,1,1052,308,3,0,2,2,1,3,2,7,0
898,25,2,515,2,2,1,2,1,66,0,5,3,1,1340,948,3,0,3,1,1,2,2,8,0
1376,20,2,688,8,1,1,1,1,41,2,6,3,0,625,710,2,0,8,3,2,0,3,5,0
74,18,2,21,5,2,1,1,0,25,3,2,3,1,339,1153,3,0,1,1,0,3,2,1,0
507,11,2,669,2,1,3,1,0,32,2,7,2,1,758,80,1,0,3,0,1,5,1,6,1
1386,8,2,41,0,2,3,2,1,65,2,2,0,2,305,1040,0,0,2,3,0,6,1,7,7
218,27,0,593,5,2,3,3,0,27,1,7,3,2,1016,852,6,0,1,3,0,2,2,19,12
1298,28,2,103,20,1,3,3,0,36,2,0,1,1,1017,515,4,0,11,3,1,2,3,9,3
1054,31,2,880,6,3,1,2,1,5,2,0,1,0,1100,1089,3,0,3,1,2,3,2,8,0
265,11,2,690,1,2,3,0,1,48,1,7,1,1,881,88,2,0,8,1,2,2,2,0,0
893,11,2,574,0,2,1,0,0,67,2,6,3,0,442,207,1,0,4,0,3,5,2,3,1
824,24,2,58,28,2,3,1,1,26,0,2,3,2,524,438,4,0,8,0,0,3,2,1,0
434,13,2,737,8,0,1,2,1,3,2,4,1,0,1110,716,1,0,14,3,1,6,3,13,0
110,33,1,861,0,3,3,0,0,0,1,0,0,2,943,1369,3,0,9,2,0,1,1,13,12
510,36,2,185,18,3,3,2,1,58,2,1,1,1,1115,274,2,0,4,2,1,1,3,9,7
40,17,2,224,3,1,4,2,1,45,2,2,3,0,32,521,1,0,1,2,1,3,2,1,0
1100,17,2,828,27,3,1,1,0,68,1,8,2,1,172,1387,0,0,12,0,2,5,2,5,4
276,17,2,762,21,2,1,1,0,41,3,3,1,0,1155,972,7,0,7,1,1,6,1,7,6
339,9,2,643,7,3,2,1,0,26,2,7,1,1,830,72,1,0,7,0,1,3,2,8,0
1459,11,2,809,12,1,4,3,1,16,1,2,1,1,477,1261,4,1,2,0,1,2,2,4,0
807,20,2,427,9,3,2,2,1,43,1,7,2,0,1007,203,0,1,3,1,2,2,2,8,2
185,15,2,523,13,2,3,3,0,42,2,6,1,1,265,146,1,0,2,3,1,5,2,8,1
798,15,2,577,24,2,3,0,1,25,1,6,1,2,129,44,4,1,9,1,0,0,2,2,2
1066,15,2,623,3,3,3,0,0,52,1,2,1,1,450,357,8,0,0,3,0,5,2,5,0
744,19,2,650,10,1,3,0,0,31,0,0,1,1,628,715,5,0,4,0,0,2,0,1,0
931,12,0,489,8,1,3,2,0,42,2,4,2,2,610,624,7,1,7,2,0,3,2,8,1
1324,11,2,406,28,0,1,3,1,63,0,0,2,0,848,1105,8,0,6,3,2,3,2,7,1
961,17,1,239,3,3,1,2,1,57,2,6,2,2,518,28,1,1,0,1,0,3,2,9,1
61,20,1,354,28,4,1,3,0,20,2,2,3,2,167,195,1,0,0,3,0,2,2,10,9
1225,27,2,572,27,1,5,3,0,18,1,5,1,2,1242,869,1,0,0,2,0,2,2,21,8
578,20,1,90,1,3,1,0,0,45,3,4,0,2,807,1382,6,1,1,3,0,2,2,15,4
797,8,2,776,20,2,3,0,1,7,2,2,2,0,158,994,1,0,9,2,1,0,1,1,0
655,15,2,606,2,1,0,3,1,27,2,1,1,0,114,1195,3,1,0,2,1,4,3,4,0
962,33,2,427,4,2,1,2,1,54,2,3,1,0,1209,897,1,1,0,1,1,2,2,32,0
387,22,2,422,1,1,2,3,0,16,2,7,1,0,776,1188,7,0,1,2,2,5,2,5,1
127,1,2,266,21,0,2,3,1,20,2,8,2,2,25,1414,1,1,8,3,0,2,1,0,0
1320,24,0,161,9,3,5,2,1,8,2,6,2,1,320,245,3,0,11,1,2,1,1,6,3
251,21,1,253,1,3,5,2,0,34,2,0,2,2,1132,260,0,0,14,3,0,1,2,19,11
1264,37,2,235,1,2,3,2,1,30,1,5,0,1,1300,1025,8,0,1,1,3,2,2,1,0
1354,38,2,662,23,1,1,0,1,67,2,2,3,2,216,484,1,0,5,3,0,3,2,4,1
307,20,2,474,24,1,1,0,0,51,1,5,1,1,1157,1412,3,0,6,2,1,2,2,10,0
193,25,0,785,6,2,3,3,1,7,3,6,3,0,61,182,4,0,3,3,3,3,3,5,2
646,35,2,484,7,2,2,0,1,43,2,7,3,1,1147,1202,5,0,3,2,1,3,2,2,2
502,35,2,89,0,0,3,3,0,4,2,7,0,2,988,320,7,0,9,3,0,2,3,14,8
33,21,2,502,4,2,5,3,1,26,2,8,3,1,59,66,3,0,3,2,1,6,3,1,0
1371,38,2,852,10,4,2,3,0,59,1,7,0,1,728,1055,4,0,5,2,1,3,2,0,0
800,10,1,573,0,2,3,0,1,15,1,2,1,0,219,302,1,0,4,0,2,2,2,1,0
1261,20,2,467,17,2,3,1,1,30,0,0,3,1,791,1311,3,1,5,2,1,2,2,1,1
57,17,2,651,22,3,3,2,0,0,2,2,0,1,476,804,3,1,4,2,1,3,2,2,2
945,32,2,768,27,2,1,3,0,13,2,5,0,1,1251,1177,4,1,0,1,0,2,2,3,1
358,18,0,472,0,4,3,3,0,15,2,7,3,2,885,757,4,0,4,1,0,6,2,1,0
45,23,2,795,11,2,5,1,0,19,2,5,2,1,1329,821,1,0,1,3,0,0,2,22,15
1168,6,1,294,1,0,5,0,0,2,2,6,3,2,442,874,1,1,2,2,0,2,2,6,1
1115,16,2,236,6,3,3,0,1,5,2,6,3,2,326,1157,1,0,2,2,0,4,0,1,0
1194,29,2,704,1,3,1,1,0,17,3,3,1,0,1223,1102,6,0,3,2,3,2,2,3,1
68,17,1,363,0,2,3,1,1,49,2,6,0,1,91,225,4,0,2,3,1,2,1,3,1
318,9,2,699,4,2,1,2,0,55,2,6,1,2,186,1087,1,1,1,1,0,2,1,4,1
291,18,2,254,2,2,5,2,1,0,2,6,1,2,569,1393,4,0,1,3,0,2,2,8,7
46,16,0,602,22,3,2,1,1,42,2,7,2,2,588,469,0,0,9,2,0,2,2,9,8
277,20,2,142,6,1,3,0,0,14,3,7,0,0,763,979,1,1,13,2,1,3,2,8,7
1351,30,1,10,21,2,3,3,0,28,2,3,3,0,1262,19,3,0,0,1,1,3,2,22,4
297,17,2,708,15,2,2,2,1,66,2,7,1,1,975,171,0,0,4,2,2,3,1,11,6
224,13,0,554,0,3,3,2,1,60,0,4,2,1,542,134,0,0,1,3,1,2,2,5,1
1350,9,2,258,1,1,3,0,0,59,3,7,2,2,863,1425,0,0,3,1,0,5,1,8,0
1063,11,2,717,18,2,1,2,1,47,1,7,2,0,999,1266,1,0,3,2,2,3,2,10,0
1059,17,2,359,6,0,1,3,1,46,2,8,2,1,166,817,1,0,2,0,1,3,2,1,0
364,19,2,516,9,2,3,2,0,68,2,2,0,1,397,901,6,0,9,1,1,3,2,5,0
427,42,1,885,27,2,2,2,0,50,1,7,0,1,1083,36,4,0,8,3,0,5,3,18,13
840,17,2,556,0,3,3,3,1,28,1,2,2,1,106,825,6,0,1,1,1,2,2,8,1
366,23,1,29,3,2,2,0,1,26,2,7,1,2,1030,438,1,0,7,2,0,5,2,8,7
0,23,2,624,0,1,1,1,0,64,2,7,3,2,809,999,8,1,0,0,0,0,0,6,0
773,18,2,442,11,4,3,3,0,21,1,4,3,2,1015,777,0,0,0,1,0,2,1,14,7
842,10,2,878,11,0,1,2,0,49,2,2,3,1,193,1218,1,1,0,3,0,4,1,1,0
1330,25,2,460,5,2,3,0,0,51,1,3,2,1,1320,1187,7,0,2,3,0,2,2,16,6
66,18,1,682,10,2,1,1,1,65,1,4,1,2,862,1197,1,0,2,2,0,3,2,6,0
994,34,1,142,27,1,3,3,0,29,3,4,2,1,1176,449,2,1,0,1,1,3,1,5,0
31,26,2,863,9,3,4,3,1,11,2,0,3,1,859,974,2,1,2,3,0,5,3,4,1
1124,21,2,864,5,2,3,3,1,8,3,7,2,1,982,144,2,0,0,0,1,3,2,7,7
1127,5,2,553,9,2,5,3,1,15,3,6,2,1,54,620,2,0,5,3,1,2,2,2,2
28,26,2,234,6,3,3,0,0,12,1,0,3,1,1081,0,3,0,3,3,1,4,2,22,5
294,19,1,498,8,2,3,1,1,23,2,6,3,1,137,545,1,1,1,2,3,3,1,4,1
1209,42,2,170,0,3,3,2,1,62,0,0,3,0,1127,1067,3,0,9,2,1,2,3,1,0
113,6,2,641,17,0,1,1,1,22,2,2,2,1,271,644,0,0,1,2,1,2,2,5,1
245,13,1,773,2,3,3,1,1,43,2,5,2,0,1196,663,9,0,1,0,1,3,2,2,2
415,16,1,123,5,1,2,3,0,3,0,8,2,0,148,595,0,0,5,3,1,3,1,2,1
769,8,1,516,0,0,3,0,0,36,1,6,2,0,34,1343,1,0,2,2,2,5,2,5,1
161,9,0,382,8,2,3,3,1,27,2,6,1,0,41,229,6,0,7,3,1,1,0,2,2
678,30,2,869,19,3,3,3,1,21,2,6,2,1,107,200,4,0,6,0,2,2,1,0,0
411,42,2,197,6,2,1,0,0,11,2,3,0,1,1330,99,5,0,0,3,0,5,0,28,11
1149,9,2,753,18,2,4,3,1,37,1,2,0,0,484,822,1,0,0,0,2,3,2,7,0
38,18,2,475,4,3,1,1,0,52,1,6,0,1,388,636,9,1,3,3,1,3,3,1,0
984,10,2,411,25,2,1,2,1,18,1,7,0,1,615,1295,1,0,0,2,1,0,2,5,0
1362,27,1,750,0,3,3,1,1,14,2,0,2,2,732,722,4,0,1,2,0,3,2,4,0
1,31,1,113,7,0,1,2,1,31,1,6,1,1,682,1328,1,0,12,3,1,3,2,10,1
1349,8,2,239,0,1,1,1,0,60,1,6,2,1,318,739,1,1,2,2,1,3,1,1,1
247,16,2,230,1,3,1,3,1,54,1,4,0,1,804,1263,6,0,2,1,1,3,2,11,5
1382,13,0,552,2,1,3,2,1,18,2,6,0,0,344,106,1,1,2,3,1,3,3,4,2
665,29,2,860,1,3,1,3,0,35,1,8,3,2,372,639,1,1,7,0,0,3,1,3,1
1392,17,2,703,6,3,1,2,0,25,2,7,3,1,692,670,1,1,0,3,0,2,2,10,0
1424,17,2,822,8,3,3,1,1,18,2,6,2,2,679,954,1,0,8,1,0,5,2,10,0
1341,13,2,135,19,2,1,1,1,59,2,2,2,0,508,947,1,0,0,0,1,2,2,10,0
92,12,2,779,3,1,3,2,0,33,1,7,1,0,696,1021,1,1,1,1,3,4,1,11,2
381,12,2,68,1,0,5,2,1,42,2,8,1,1,185,889,1,0,7,0,1,3,2,1,0
114,16,2,582,5,3,1,2,0,15,1,6,1,0,573,745,6,0,4,2,1,3,2,1,0
1068,10,1,120,1,1,3,2,1,8,1,2,0,2,206,190,7,0,0,2,0,2,1,0,0
254,11,2,718,19,1,2,3,1,15,2,7,3,0,917,509,2,0,3,3,1,2,2,3,0
429,28,2,573,1,2,1,0,1,21,2,5,2,1,1277,11,6,0,2,2,0,2,0,3,0
588,32,2,382,1,2,3,2,1,34,2,5,2,1,1272,281,5,0,5,3,0,3,2,4,0
178,28,2,264,0,1,2,1,0,62,2,7,0,0,1099,6,1,0,14,2,3,2,2,24,15
1180,18,2,135,6,2,1,0,1,47,2,2,1,2,37,524,2,0,0,2,0,4,2,4,1
913,27,2,856,1,2,2,0,0,64,0,3,1,2,1295,21,2,1,5,0,0,2,2,24,1
389,19,2,755,9,3,1,2,1,19,2,4,1,2,508,1103,2,1,1,3,0,2,1,1,0
132,13,2,276,19,2,1,1,0,41,0,7,2,1,587,1322,3,1,0,2,1,2,2,2,2
1053,39,2,188,0,1,1,1,1,63,3,6,2,1,649,30,0,0,13,0,1,2,1,12,2
1374,40,2,323,20,2,1,3,0,42,2,3,3,1,1278,562,4,1,2,2,1,2,1,1,0
570,34,0,397,18,3,3,3,1,11,2,6,3,1,521,1409,0,0,7,0,1,3,2,4,1
289,10,2,634,7,1,1,3,0,36,2,6,3,2,376,136,1,0,10,3,0,3,2,5,0
246,15,2,466,4,3,1,2,0,33,1,6,3,1,314,731,1,0,2,2,1,2,1,2,0
900,18,1,229,2,2,5,2,1,16,2,6,1,1,432,422,1,0,1,2,0,2,1,11,0
775,25,2,195,24,2,3,2,1,49,1,7,3,0,1120,184,5,0,2,2,1,5,2,1,0
552,38,2,466,8,2,3,2,1,51,2,0,3,1,1137,1061,7,0,0,2,0,1,1,10,1
89,28,2,367,8,1,3,2,1,34,1,7,3,2,1044,672,1,0,5,3,0,3,2,9,4
192,17,2,285,22,1,1,1,1,20,1,4,2,1,801,771,3,1,2,0,0,1,2,1,0
969,30,2,478,3,2,1,3,1,24,2,4,3,2,967,955,1,0,0,2,0,2,2,10,0
1445,23,2,303,27,3,1,0,0,30,1,4,1,1,1189,213,0,0,12,2,1,3,2,20,0
1069,10,2,840,0,2,1,0,1,42,1,6,2,0,21,613,1,0,3,3,1,2,0,1,0
436,15,2,308,9,0,3,0,1,8,0,2,3,0,387,273,7,0,2,0,3,2,2,4,1
1087,16,2,849,6,1,5,1,1,25,2,8,2,1,127,159,0,1,14,1,1,4,2,11,5
1268,35,0,360,0,3,3,0,0,30,1,4,2,1,1165,1173,4,1,9,3,3,2,1,3,0
651,29,2,96,1,1,2,2,0,5,2,7,3,1,579,909,0,1,11,0,1,2,2,7,7
929,10,1,61,1,2,1,3,1,22,1,2,3,1,451,705,1,1,1,1,1,2,2,2,2
146,12,2,842,1,0,3,1,1,5,1,2,3,2,258,534,0,0,2,3,0,3,2,5,1
118,18,2,517,2,1,1,0,0,9,2,2,3,0,293,24,5,0,11,0,1,2,2,1,0
1035,13,2,825,7,1,3,3,0,66,3,1,1,2,69,1315,9,0,7,3,0,3,2,3,0
1409,22,1,383,10,2,5,3,0,43,2,2,2,1,842,1416,1,0,0,0,1,2,3,10,9
533,22,1,301,4,3,1,3,1,18,1,7,0,1,1101,1267,5,1,10,2,1,2,2,18,1
862,26,0,7,16,2,1,3,1,44,0,6,2,2,119,125,2,0,2,3,0,3,2,0,0
802,15,1,548,6,2,1,3,0,0,2,7,1,1,530,653,0,0,6,2,1,3,2,3,0
982,20,1,384,6,2,1,3,1,27,3,6,2,0,221,785,1,0,0,3,3,2,2,4,0
1047,15,1,202,6,2,3,3,1,24,2,7,0,1,544,890,0,0,3,0,2,2,2,4,0
955,37,2,115,1,1,3,3,0,28,0,3,2,1,1309,290,4,0,3,3,1,5,2,19,9
897,41,2,144,2,2,1,2,0,18,1,7,3,2,690,835,5,0,6,3,0,2,2,6,0
26,14,1,639,15,0,1,1,0,42,0,6,0,2,459,147,1,1,11,1,0,5,2,10,6
676,17,2,648,20,0,1,3,0,21,2,0,3,1,476,977,1,1,14,3,1,2,0,10,0
14,10,2,1,23,2,1,2,1,20,1,2,2,2,42,630,5,1,3,1,0,4,2,4,0
500,14,2,349,8,3,1,0,0,62,2,6,3,1,841,925,1,1,1,3,1,2,1,6,0
887,24,1,220,25,4,3,0,0,30,2,5,0,1,1169,1235,3,1,6,2,0,6,2,1,0
82,37,2,7,0,1,1,0,1,40,2,7,3,1,1080,926,3,0,3,3,1,4,2,1,1
353,19,2,765,5,2,3,2,1,21,3,6,0,0,806,861,4,1,2,0,2,2,2,7,6
1234,29,0,277,1,3,2,2,1,57,2,7,1,1,660,83,7,0,0,3,1,3,0,1,0
1381,10,0,625,15,2,3,2,1,19,2,6,2,2,78,4,1,0,3,2,0,3,1,5,1
1178,2,2,650,1,2,3,2,0,1,2,8,2,2,275,643,1,0,8,0,0,3,2,2,2
600,14,2,480,3,2,1,2,0,68,1,4,2,1,824,975,1,0,1,2,1,3,2,14,6
875,26,2,66,28,3,4,3,1,2,2,6,3,2,582,335,1,0,14,1,0,3,2,20,13
273,19,2,83,5,3,3,2,1,68,2,7,3,1,864,1209,4,0,3,1,1,5,3,5,0
912,8,2,304,3,1,1,2,1,23,2,6,3,2,307,464,1,1,9,1,0,2,1,8,2
684,22,2,358,9,3,2,0,1,37,1,7,1,0,1049,1076,2,0,1,1,1,2,1,1,0
1098,22,0,651,7,1,1,3,1,42,2,0,3,0,485,392,3,1,7,2,0,2,2,2,2
466,23,2,739,1,4,1,1,0,61,2,3,0,1,1237,210,7,0,5,1,1,2,2,18,11
1347,18,1,693,1,0,0,1,1,64,1,1,3,2,453,119,1,0,10,3,0,2,1,10,0
1282,15,2,483,7,3,1,3,1,60,3,6,0,1,353,240,6,0,8,1,1,1,2,10,7
662,2,2,250,1,2,3,2,0,19,1,8,2,2,46,1156,1,0,2,3,0,3,1,2,0
938,40,2,473,22,3,1,0,1,58,2,6,2,0,155,1381,1,0,1,3,2,3,2,2,2
447,17,2,331,0,2,2,1,1,55,2,7,2,1,612,950,9,0,0,2,0,2,2,11,6
371,11,2,744,22,2,1,3,1,24,2,6,3,2,92,930,9,0,5,3,0,4,2,3,1
557,17,0,704,1,3,1,3,0,31,2,0,0,0,677,150,2,0,0,0,1,2,3,1,0
854,27,2,862,6,2,3,0,0,53,2,6,2,1,567,1041,4,1,8,2,1,2,1,3,0
1038,30,2,700,6,2,2,2,1,66,2,7,0,0,752,1324,4,0,0,0,3,3,2,2,2
271,29,0,365,28,3,1,0,1,58,2,3,1,1,1148,485,1,1,1,3,1,2,1,10,9
605,20,1,231,11,2,1,0,1,15,1,0,0,0,838,126,2,0,4,2,1,3,1,4,1
449,21,1,213,7,0,1,2,0,18,2,2,2,1,441,916,1,0,0,0,1,3,2,8,0
1254,31,2,761,10,3,2,3,0,50,2,7,3,2,574,356,3,0,1,2,0,1,3,5,0
523,32,2,689,27,0,3,3,1,44,3,2,2,1,367,63,1,1,0,2,3,3,2,20,3
214,12,2,572,2,2,5,3,0,58,2,6,0,2,233,381,5,1,0,2,0,5,2,5,0
344,17,2,749,4,3,5,2,1,32,2,4,1,2,976,934,0,0,2,3,0,5,2,16,0
838,24,1,238,11,2,1,2,1,14,2,7,0,2,1202,20,0,1,1,1,0,2,1,21,13
1454,27,2,173,19,2,1,3,0,20,2,7,2,2,639,1239,8,0,4,2,0,3,2,5,0
147,23,1,479,9,2,1,3,1,61,1,3,0,0,1263,626,4,0,2,1,1,2,1,7,7
1318,11,1,299,19,0,3,3,1,10,2,2,3,1,446,291,1,0,2,1,0,3,3,11,3
1441,38,0,366,0,3,1,2,1,27,2,0,2,0,840,1389,1,0,10,0,1,2,1,13,1
723,28,2,293,6,1,3,3,1,45,2,4,2,0,1122,1293,6,0,2,1,1,3,2,8,0
412,28,2,878,17,2,3,2,0,57,2,4,2,0,635,1396,2,0,3,2,1,5,1,10,0
688,1,2,196,20,2,4,3,1,7,1,8,1,2,72,460,1,1,2,1,0,3,3,1,0
1394,14,2,805,4,3,1,3,1,26,1,4,3,2,1047,477,8,0,13,1,0,1,2,1,0
783,23,2,257,6,1,5,1,0,13,3,6,2,1,383,964,1,0,2,2,0,3,2,10,0
342,13,2,708,6,3,3,2,0,9,2,4,3,2,928,1364,1,1,3,2,0,2,1,11,4
947,34,2,581,4,2,1,1,1,34,2,7,1,2,992,1129,9,1,8,2,0,2,1,8,7
747,20,2,585,2,3,1,1,1,12,2,7,3,2,911,162,8,1,1,2,0,1,2,1,0
173,12,0,7,8,2,3,2,1,36,2,2,0,0,348,526,1,0,0,2,2,4,2,12,6
1022,19,0,834,4,1,5,2,1,54,3,2,2,2,405,1354,0,0,3,0,0,2,0,6,1
377,18,2,146,1,2,1,3,0,66,2,6,2,1,200,569,4,0,2,1,1,3,2,2,2
1123,17,2,368,9,3,3,0,0,21,2,0,2,2,821,119,3,1,5,2,0,4,2,5,0
738,21,2,226,0,0,1,3,0,35,1,4,3,1,1162,293,1,0,5,2,1,3,2,21,11
305,18,0,626,23,3,1,1,0,17,2,2,1,1,770,284,7,0,4,2,1,3,2,9,0
543,26,0,177,23,2,3,0,1,19,0,2,2,2,435,2,2,0,3,2,0,5,2,5,1
1322,28,2,393,1,1,1,3,1,52,2,4,3,0,997,1037,3,0,3,2,1,4,1,9,4
52,26,2,879,0,4,2,1,0,45,2,7,0,0,741,107,5,1,10,2,1,2,1,4,1
18,35,2,698,1,3,1,0,0,48,1,3,3,1,1221,1154,2,0,5,2,0,3,2,25,3
285,19,2,804,0,2,1,3,0,12,2,6,3,2,70,792,1,0,1,1,0,3,2,17,5
221,15,2,33,3,3,3,2,0,17,1,6,1,1,224,642,6,0,10,3,0,3,2,3,1
1029,22,0,362,8,3,4,2,1,51,2,2,2,0,467,1227,3,0,0,2,2,2,3,8,0
22,16,2,196,6,3,1,0,0,23,2,5,1,2,1154,1116,0,0,0,2,0,4,2,12,2
1163,19,2,870,9,2,3,1,0,41,2,6,1,1,463,461,1,0,0,0,1,2,0,8,7
116,16,2,790,4,2,3,2,0,15,1,3,0,2,1144,209,2,0,1,3,0,6,2,11,5
997,9,2,23,16,3,1,3,0,21,2,6,2,2,163,1363,1,1,2,3,0,2,2,8,7
406,34,2,141,2,2,3,3,1,9,1,4,2,1,970,1008,2,1,3,2,0,4,2,5,0
361,22,2,666,9,3,1,3,0,16,3,2,2,1,96,1185,3,1,2,2,1,3,2,7,1
95,36,2,696,1,3,5,0,0,30,2,5,2,1,1188,1281,9,0,1,0,1,5,0,4,0
1206,8,0,436,6,2,3,3,1,46,2,2,3,2,209,575,1,0,9,2,0,5,2,7,5
261,20,0,773,1,1,1,3,1,9,1,7,3,1,703,1014,3,0,7,3,1,0,2,8,7
1207,37,2,850,21,2,5,0,1,64,1,6,1,0,409,1265,5,0,1,3,1,1,2,4,1
1181,31,2,225,5,0,1,2,0,11,1,0,2,1,1207,556,2,1,8,1,1,3,2,15,2
608,37,2,206,1,0,3,2,1,7,2,7,3,2,688,1126,4,0,5,2,0,3,1,9,7
179,20,2,811,8,1,1,2,0,45,2,2,3,2,117,257,1,0,1,2,0,3,2,2,2
102,2,1,486,5,2,1,3,0,36,1,2,3,2,315,1023,1,1,7,1,0,5,2,1,1
574,16,2,56,0,3,1,1,0,42,3,6,3,2,370,666,2,0,5,2,0,2,2,4,1
716,23,1,470,8,2,3,0,1,34,2,5,2,0,1322,92,2,0,6,1,1,2,3,18,0
1385,16,2,712,12,3,3,3,1,9,2,7,2,0,1001,1213,1,0,7,2,1,2,1,8,1
563,7,2,493,25,0,3,2,0,2,2,7,3,2,827,1205,1,0,12,1,0,5,1,6,1
184,35,2,611,12,1,3,3,0,27,3,4,0,0,565,1390,1,0,0,2,2,3,2,4,1
467,19,0,28,8,3,3,0,1,39,2,7,1,0,1011,1318,1,0,2,3,1,6,2,9,7
380,6,2,803,9,3,2,3,0,47,2,7,2,0,522,227,1,1,1,3,1,2,3,5,0
903,11,2,775,6,2,1,2,1,52,2,0,3,0,879,118,1,1,0,1,2,2,2,6,1
603,27,2,98,1,2,1,1,0,65,1,6,2,2,112,244,1,0,3,3,0,3,2,1,0
71,11,2,774,1,2,1,2,1,46,2,6,1,1,251,160,0,0,12,3,1,3,2,5,0
1240,21,0,440,0,2,1,3,1,47,2,2,3,1,860,405,1,1,4,3,1,2,2,9,5
396,25,2,871,7,3,4,2,0,44,2,0,2,0,576,7,4,1,3,3,0,3,2,5,0
874,12,2,476,6,3,1,2,1,19,2,2,2,0,404,540,1,0,2,0,3,4,1,10,8
1062,26,1,680,1,0,3,1,1,56,2,4,2,2,1077,1017,5,1,7,1,0,2,1,2,2
923,16,1,351,10,2,1,2,1,26,1,1,1,1,571,1148,4,0,0,3,2,5,3,10,1
346,23,2,240,5,2,3,3,1,65,1,4,1,2,811,476,6,1,4,3,0,3,2,5,1
359,18,1,275,2,3,3,0,1,18,1,7,3,1,1048,306,4,0,0,0,1,2,2,13,1
1328,9,2,408,22,0,3,1,0,6,1,8,2,1,411,292,1,0,10,3,1,5,2,9,5
29,28,2,392,1,3,2,1,0,53,2,3,0,2,1298,1208,3,0,1,3,0,2,1,2,2
1218,23,2,514,5,2,2,3,1,5,2,7,2,2,1027,791,1,0,1,1,0,3,2,10,8
796,7,2,698,3,0,5,3,1,2,2,2,3,1,431,141,1,1,4,1,1,3,3,7,5
39,15,1,650,0,2,1,2,0,12,3,7,0,1,726,61,2,0,8,0,2,3,2,5,1
504,27,1,131,25,3,1,0,0,70,2,7,0,1,527,212,2,0,3,3,2,4,2,1,0
157,40,2,653,8,2,3,1,0,45,1,6,1,1,380,570,4,1,9,1,1,3,1,1,0
932,11,2,450,6,2,5,1,0,9,2,2,2,0,379,880,3,1,2,0,2,2,2,7,7
658,26,2,360,8,1,1,1,1,31,2,6,0,1,205,321,1,1,2,3,0,0,2,8,7
733,8,2,603,1,1,3,3,1,2,3,4,3,1,746,65,1,0,1,1,0,2,2,8,1
635,17,2,324,8,2,1,3,0,36,1,4,2,1,1113,1252,1,1,9,1,1,2,2,17,5
1296,12,2,617,9,2,3,0,0,34,2,4,2,2,1046,32,9,0,3,1,0,3,2,7,0
394,13,2,237,6,1,3,1,0,1,2,4,0,1,531,113,1,0,1,1,1,5,0,13,3
988,23,1,685,21,2,1,3,0,45,2,6,3,0,743,689,3,1,3,0,2,4,1,6,3
1171,22,2,775,6,2,1,0,1,43,2,2,0,2,84,67,3,1,3,1,0,3,0,4,0
1040,22,0,80,7,0,3,3,1,25,1,5,1,0,1201,1339,2,0,0,2,1,5,2,9,4
402,12,2,609,11,2,5,1,0,53,2,7,2,2,874,1003,0,0,0,1,0,6,2,5,4
989,19,2,848,3,0,1,2,1,24,2,6,2,1,335,176,7,1,4,3,0,2,2,6,1
677,31,2,265,7,1,4,0,0,21,2,2,1,1,936,1181,4,0,0,2,1,3,1,26,1
822,16,1,571,1,1,1,3,1,65,2,4,2,2,480,789,2,0,0,3,0,3,1,3,0
963,20,2,573,1,1,1,1,0,1,2,7,0,0,915,998,3,0,4,3,1,3,2,7,1
835,17,2,266,7,3,5,2,1,70,2,1,2,2,536,297,1,0,6,1,0,2,0,5,1
1033,13,1,854,0,4,1,2,0,70,3,4,1,2,941,400,1,0,0,0,0,2,2,10,4
1221,27,0,711,0,0,1,2,1,44,1,0,2,1,1117,71,3,0,12,3,1,3,1,23,14
939,14,2,614,6,1,1,3,1,49,2,2,2,1,647,1210,1,0,7,0,1,3,2,10,1
691,22,1,869,8,3,3,3,1,5,2,6,1,0,420,1333,8,1,3,3,1,2,2,1,0
1188,11,2,563,4,2,3,0,1,13,1,7,1,0,504,68,1,1,2,1,1,3,1,10,0
334,27,2,281,7,3,4,3,1,45,2,6,3,1,433,426,9,0,3,0,2,3,2,10,9
873,18,2,513,5,3,1,2,1,30,0,2,2,0,262,280,1,0,3,2,1,4,2,7,1
805,27,0,592,8,3,1,1,0,35,1,7,2,1,762,920,1,0,2,3,1,2,2,15,4
7,12,2,794,23,0,1,3,1,37,2,2,2,0,246,648,1,0,11,1,1,2,2,1,0
517,7,2,453,7,2,1,3,1,27,3,7,1,1,640,778,0,0,11,2,1,4,2,3,1
197,24,0,519,20,1,3,2,0,6,2,4,2,0,707,832,2,0,5,1,1,5,2,5,0
296,0,2,84,2,2,1,2,1,24,2,2,2,2,17,1341,1,0,2,2,0,2,2,0,0
1078,26,2,24,27,2,1,3,1,2,2,5,0,1,1232,1158,3,0,2,2,1,1,3,20,14
1406,36,2,41,9,2,3,2,0,47,2,4,0,2,560,1340,6,1,8,3,0,3,2,5,1
122,38,2,211,13,3,1,1,0,42,2,6,1,1,657,137,9,1,7,0,3,2,2,5,4
378,16,0,797,18,2,2,0,1,37,3,7,3,2,712,143,8,1,2,1,0,3,1,5,0
1286,22,2,328,1,1,1,2,0,69,2,2,0,1,384,1361,4,0,6,3,1,5,1,4,0
1083,22,2,374,8,3,1,3,1,56,2,2,0,2,39,1147,3,0,3,1,0,3,0,5,1
162,10,2,210,20,2,3,2,1,12,2,6,3,1,255,270,1,0,0,2,1,2,0,5,0
124,13,2,96,5,3,1,1,1,46,0,7,2,1,825,1080,4,1,7,1,0,3,1,7,7
551,21,2,27,2,2,0,2,0,14,3,1,1,1,851,957,9,0,4,2,1,3,0,8,3
4,9,2,312,1,0,3,0,1,10,2,2,1,1,399,846,9,0,1,3,1,3,2,2,2
915,3,1,97,9,1,1,0,0,15,1,2,2,2,225,1346,1,0,9,2,0,2,0,2,2
958,16,2,531,8,2,1,3,1,56,2,0,3,0,995,196,0,0,0,3,1,0,1,9,1
1325,24,2,651,7,2,1,3,1,51,2,2,2,2,466,673,4,0,2,3,0,3,2,0,0
611,17,2,536,6,2,4,2,1,29,2,4,2,2,1078,965,3,0,10,1,0,3,3,8,1
287,20,2,380,22,3,1,3,1,52,2,0,3,0,781,966,9,0,3,1,1,2,2,2,1
956,38,2,72,7,3,1,3,1,69,2,3,1,2,1339,108,6,0,3,0,0,4,2,7,7
1462,21,2,403,23,0,2,1,0,30,1,7,3,1,1156,391,0,0,0,0,1,2,1,20,9
1249,11,2,200,8,2,2,1,0,22,0,8,1,2,267,726,1,0,2,2,0,3,2,2,2
908,15,2,273,9,4,2,3,1,52,3,7,2,0,987,1138,0,1,3,3,2,3,2,9,0
506,19,2,239,2,2,4,2,1,6,2,4,2,1,1035,440,1,0,4,2,1,2,2,10,7
356,24,2,777,1,3,4,0,1,68,1,0,3,2,897,866,3,0,12,1,0,6,2,1,0
352,30,2,268,28,0,3,0,0,61,2,3,2,1,1161,1280,3,0,10,1,1,3,0,0,0
844,12,2,475,9,2,2,2,1,42,1,7,2,1,875,29,1,0,7,0,1,3,2,10,1
836,11,2,190,22,0,1,3,0,15,1,7,0,1,933,534,1,0,2,0,1,3,0,11,3
946,22,2,124,24,3,2,3,1,27,1,7,1,2,1024,876,2,1,1,2,0,2,2,5,1
667,23,2,612,1,3,1,1,0,27,0,2,3,0,272,904,4,1,2,2,1,1,1,7,1
886,12,2,867,0,2,3,3,1,33,2,6,1,1,415,431,0,1,10,0,1,2,2,11,5
1229,22,2,169,7,1,1,1,0,62,2,4,0,1,866,166,2,1,5,1,1,3,2,1,0
333,25,2,569,6,2,1,2,0,13,2,0,0,1,1069,424,8,0,5,0,1,1,1,1,0
153,27,2,62,8,2,1,1,1,30,2,2,1,0,147,520,8,0,7,2,1,2,0,17,0
787,37,1,616,1,0,1,3,1,35,2,4,1,1,1134,786,3,0,7,1,1,4,2,3,1
501,12,1,42,2,2,3,2,0,41,2,6,2,0,58,1196,1,0,9,2,1,2,2,1,0
721,32,2,529,23,2,1,3,1,65,2,4,2,1,1208,114,3,1,7,3,1,2,2,12,1
373,9,2,869,0,1,3,3,1,52,2,2,1,0,448,917,1,0,0,1,1,2,2,5,0
590,15,2,77,6,2,3,2,1,19,2,5,2,1,1145,1377,0,0,0,3,0,3,3,13,3
312,13,2,60,1,3,1,2,1,2,2,6,3,0,248,336,0,1,7,1,1,2,0,2,2
42,8,2,793,24,2,1,0,1,18,0,2,2,2,120,504,1,0,1,2,0,2,1,1,0
1141,12,2,91,6,2,3,1,1,18,1,6,1,1,76,189,1,0,1,1,1,3,1,6,1
645,11,2,154,0,2,3,1,0,18,1,8,2,0,283,1255,6,1,8,2,3,3,2,3,0
1251,12,2,554,14,1,2,2,1,64,1,7,0,0,927,52,2,0,0,0,1,2,2,7,1
971,33,2,831,10,1,5,3,0,52,1,4,1,2,1168,1301,3,0,5,1,0,1,1,5,0
1285,28,0,474,25,1,1,1,1,68,1,7,1,2,973,1337,8,0,4,2,0,3,2,2,2
522,19,2,704,9,1,1,3,1,50,3,6,3,2,607,755,3,0,6,0,0,2,2,1,0
1401,37,2,59,25,3,0,2,1,41,3,3,1,1,1335,1371,4,1,7,0,1,0,2,10,1
762,8,1,155,1,2,1,0,1,27,2,6,0,1,45,762,6,1,3,1,1,2,2,3,1
1245,6,1,504,9,2,3,0,1,29,2,1,3,1,79,1,0,0,3,3,1,2,2,2,2
1102,18,2,660,1,3,1,2,1,40,2,8,3,2,228,861,3,1,10,3,0,3,1,3,1
704,17,2,492,2,3,1,3,1,62,2,7,3,0,962,278,6,0,2,1,1,2,2,10,0
1227,13,2,415,1,3,1,1,1,39,2,2,2,1,400,927,1,0,3,3,1,2,3,5,0
1313,11,2,159,12,2,0,0,1,26,1,1,0,0,141,58,4,1,4,3,3,3,2,2,2
944,10,0,874,0,2,1,2,0,25,0,2,3,1,888,831,0,0,0,0,3,6,2,9,7
168,20,2,389,0,3,1,0,0,29,1,7,3,2,1004,628,4,0,11,2,0,2,3,8,0
360,39,2,314,0,3,3,3,1,58,2,0,2,1,896,42,2,0,0,2,0,2,2,3,1
1018,18,2,49,3,3,1,0,1,7,1,2,3,2,790,1193,1,0,5,2,0,2,1,10,1
1450,17,2,654,25,3,1,2,0,1,2,1,3,2,1012,847,1,1,5,2,0,2,2,9,1
743,41,2,397,1,2,1,2,0,39,1,4,3,2,1198,1146,3,1,2,0,0,4,2,5,4
272,10,2,661,8,2,3,3,1,64,2,6,3,1,53,25,1,0,12,3,1,3,1,5,0
519,11,1,450,0,3,1,1,1,46,0,6,3,0,258,968,1,0,7,3,1,5,2,10,2
814,22,2,757,13,2,3,2,1,14,1,5,2,2,1333,896,1,0,3,0,0,2,3,20,4
818,13,1,441,19,2,1,2,1,37,3,8,3,1,278,1152,0,0,1,0,1,4,2,2,2
734,4,2,79,7,0,1,1,1,64,0,2,0,1,180,281,1,0,4,0,1,3,1,4,1
1378,24,2,196,11,3,2,1,1,47,2,7,3,0,676,39,3,1,1,2,2,4,2,0,0
1431,14,2,446,0,3,2,2,0,18,2,7,3,1,1094,1284,1,0,8,2,2,3,2,14,5
1145,18,2,288,11,3,1,2,0,46,2,4,2,1,604,608,9,1,1,1,2,2,2,3,1
1452,32,1,488,0,3,1,1,1,64,2,7,2,0,894,708,7,0,1,3,2,3,2,6,0
128,4,2,315,1,0,5,2,1,70,2,2,3,1,196,989,0,0,3,2,1,2,2,2,2
998,8,2,377,1,0,3,0,1,6,1,6,3,2,456,109,0,0,1,3,0,2,2,4,1
1457,22,2,681,1,3,3,2,0,68,2,6,2,1,33,614,2,0,3,1,3,2,2,5,0
544,29,1,79,2,2,3,3,0,19,2,7,2,0,1203,481,9,1,1,3,2,2,1,22,11
379,37,2,759,1,2,1,2,0,67,2,3,3,2,1241,1234,2,1,2,2,0,2,2,5,1
203,22,2,508,18,1,3,2,1,69,2,2,3,1,262,837,8,1,4,2,1,2,3,7,3
343,11,2,30,9,0,2,3,0,9,1,7,1,0,983,568,1,1,3,0,2,2,2,7,1
1302,17,2,57,22,3,3,1,1,61,0,2,2,1,252,446,0,0,5,1,1,2,3,5,0
1363,15,2,79,9,3,2,1,1,13,2,7,2,2,753,493,1,0,3,1,0,2,1,10,0
518,20,2,92,6,3,2,3,0,16,1,7,3,2,478,339,0,0,9,0,0,2,2,7,0
488,24,2,333,1,3,1,2,0,51,2,0,3,1,491,218,1,0,2,1,2,4,2,10,2
1443,24,2,125,1,2,1,0,1,26,2,3,2,1,1297,881,5,0,0,0,0,2,1,22,4
917,16,2,20,1,2,2,2,0,56,2,7,0,2,580,235,0,1,1,3,0,3,2,3,0
232,41,2,457,5,1,3,1,1,22,2,1,2,1,108,1362,8,0,6,3,0,2,1,2,2
794,16,1,330,2,0,1,0,1,15,2,0,3,2,960,1172,0,0,6,2,0,1,1,6,0
1375,14,1,89,4,1,1,0,0,17,3,6,2,2,173,759,3,1,3,0,0,2,2,4,0
1122,11,2,802,2,0,3,1,1,57,2,2,0,2,614,819,1,1,7,3,0,3,2,10,1
514,15,1,607,2,2,1,0,1,40,2,6,0,2,381,59,1,1,0,0,0,3,2,10,9
1453,18,2,635,10,3,2,1,0,70,1,7,3,1,884,713,4,0,2,0,1,2,1,6,0
511,18,2,511,8,1,3,1,1,18,1,4,1,0,1013,685,2,1,0,2,1,2,2,3,0
112,36,0,28,25,2,0,3,0,0,3,3,3,2,1264,683,2,1,1,2,0,3,2,5,4
1404,24,0,151,22,1,1,3,1,7,1,6,2,2,539,733,1,0,1,3,0,2,2,20,3
217,11,2,564,0,2,5,2,1,55,2,6,2,2,48,1020,0,0,3,3,0,1,1,6,1
499,15,2,695,7,3,2,2,1,9,2,7,2,0,925,1062,0,0,1,3,0,3,2,5,1
1437,21,0,3,8,2,1,3,1,57,2,3,3,2,1323,758,2,0,2,2,0,3,1,6,1
934,7,2,107,0,2,3,3,0,10,2,6,1,2,64,963,1,0,7,3,0,3,1,2,2
225,41,2,28,2,2,1,2,1,40,1,6,3,1,88,374,3,0,6,0,1,6,2,1,0
1042,26,0,555,4,2,1,2,1,60,1,2,2,2,356,346,3,0,3,3,0,5,2,5,0
1257,13,2,608,15,3,2,0,1,40,2,7,2,1,979,970,2,0,2,0,3,2,2,1,0
1358,13,2,608,9,1,3,2,0,56,2,7,3,0,877,1042,2,1,0,3,1,2,2,5,1
397,7,2,500,3,1,1,1,0,69,1,7,3,2,570,584,1,1,0,1,0,3,2,5,1
540,10,2,355,0,1,1,0,0,37,0,6,1,2,97,100,7,1,2,3,0,4,2,7,3
328,15,1,256,9,2,2,1,1,16,1,7,3,2,608,130,3,0,3,2,0,6,1,7,0
795,19,2,133,9,3,1,3,0,58,1,7,3,0,890,1294,2,1,3,2,3,5,2,1,0
848,17,1,342,3,3,4,3,1,17,1,2,3,1,157,1405,1,0,2,1,1,2,3,2,2
1458,17,2,118,0,3,1,2,0,32,0,6,3,1,330,402,1,0,1,3,1,5,2,4,1
93,28,1,343,0,2,3,2,1,10,1,0,0,1,1112,56,2,1,2,2,1,5,1,10,9
213,33,2,869,7,3,1,1,1,51,1,5,1,1,1160,783,5,0,5,3,2,5,0,10,4
770,28,2,202,0,3,3,3,1,10,2,5,3,0,1334,1121,9,0,6,3,2,0,2,2,2
337,11,2,413,8,4,4,1,1,0,1,2,3,2,470,325,0,0,6,2,0,2,2,3,2
803,16,0,387,2,3,1,2,1,10,1,6,3,1,331,1182,3,0,6,3,3,2,2,0,0
212,9,1,714,19,2,1,3,0,60,2,7,2,2,1068,627,1,0,3,3,0,2,2,7,0
618,7,2,54,1,0,3,0,1,35,3,6,0,2,391,1133,7,0,2,2,0,3,1,4,0
1139,14,2,340,4,3,4,1,0,5,3,6,3,1,377,960,3,0,6,3,2,3,2,3,0
1136,10,2,146,23,2,3,2,1,21,2,2,1,1,168,310,1,1,6,2,3,3,2,1,0
36,32,2,485,2,1,2,0,1,56,1,8,2,1,241,95,1,1,3,2,0,2,2,3,0
105,41,0,837,1,3,0,2,0,2,1,3,3,1,1296,1149,9,0,10,3,1,3,2,3,2
362,3,0,502,8,1,3,0,1,9,2,8,3,2,221,37,1,0,13,2,0,3,1,3,2
850,14,0,481,1,0,1,2,0,46,2,8,0,0,292,742,1,0,1,2,3,3,2,1,0
756,14,0,629,28,3,3,3,0,39,2,2,2,2,477,531,9,0,1,1,0,2,2,8,7
758,41,2,614,0,1,5,1,1,36,2,3,3,1,1150,528,3,1,3,2,1,1,0,6,0
365,28,0,652,6,3,3,2,0,0,2,4,2,1,706,807,2,0,3,2,0,2,3,1,0
856,2,2,449,2,2,1,0,1,57,1,2,2,2,337,621,1,0,1,0,0,2,1,2,1
1319,14,1,764,9,3,2,3,1,49,2,7,3,2,601,1380,8,0,2,2,0,2,3,0,0
1466,21,2,327,5,0,3,3,1,12,1,0,0,1,1070,1123,4,0,4,0,1,5,2,7,1
565,5,2,134,9,0,3,0,1,49,3,6,2,2,406,1010,1,0,7,3,0,3,2,2,0
249,27,1,684,6,3,1,0,1,47,3,4,2,1,856,172,4,0,6,3,1,1,2,3,0
476,6,2,460,16,1,4,3,1,64,1,2,1,1,73,411,1,0,10,3,1,2,2,1,0
781,8,2,60,0,1,3,0,1,29,1,2,0,1,465,532,1,0,5,0,2,2,2,5,1
454,11,2,86,18,2,5,3,1,4,2,4,3,0,523,1194,4,0,1,1,2,2,3,3,1
1327,28,2,765,2,2,5,0,0,15,3,7,0,0,1173,334,2,0,1,3,1,5,2,19,2
1107,20,1,497,9,3,0,2,1,41,2,1,2,1,814,734,3,0,0,2,0,2,2,6,1
230,34,2,769,1,2,1,2,0,59,1,2,3,2,366,64,7,0,4,1,0,3,1,2,2
652,19,0,721,18,1,3,0,1,2,2,7,1,2,955,152,1,1,2,3,0,2,2,10,0
70,41,1,704,0,0,1,0,0,27,1,7,2,2,747,1319,7,0,0,3,0,2,1,4,1
610,9,2,110,4,0,5,2,1,12,1,5,3,0,1163,393,1,1,5,1,1,3,2,9,0
1174,7,1,429,1,0,1,3,1,47,3,4,2,0,693,161,1,0,6,2,2,6,2,7,0
1410,22,2,214,1,1,2,1,0,62,2,7,1,1,772,123,3,0,3,2,1,4,2,11,5
1367,9,2,790,1,3,5,1,1,11,2,6,1,1,100,239,1,0,0,2,1,3,1,5,1
1425,15,2,251,14,1,3,1,0,65,2,0,3,1,646,1135,0,1,2,0,1,6,2,9,8
410,12,2,139,1,2,1,2,0,13,0,4,3,2,815,1323,2,0,9,2,0,2,2,5,0
1353,16,0,545,15,3,5,3,1,55,0,6,0,1,126,719,1,1,12,1,1,2,2,5,3
1151,10,2,301,26,2,3,1,0,9,0,4,0,0,645,1065,0,0,10,1,1,5,1,5,0
338,12,2,295,4,2,2,3,0,0,1,7,2,0,816,194,1,0,2,2,3,2,2,10,1
1025,6,2,874,3,0,3,3,0,12,2,7,2,1,501,754,1,1,1,2,2,3,2,5,0
43,9,1,565,7,2,1,3,1,7,2,7,2,2,1006,43,1,0,4,3,0,0,2,9,1
539,32,2,138,7,3,2,3,1,24,2,8,1,1,452,466,7,0,4,3,1,2,2,2,2
601,22,1,401,15,3,3,0,1,21,1,2,2,2,678,578,6,0,3,3,0,6,2,1,0
965,7,2,492,18,0,3,3,1,37,2,2,3,1,426,409,3,0,0,2,3,6,1,3,1
1317,9,1,750,4,1,1,3,0,23,2,2,3,2,159,1026,0,1,3,2,0,3,1,5,0
171,1,1,320,0,0,5,2,0,70,0,8,0,2,136,1091,0,0,10,0,0,5,3,0,0
417,22,2,825,1,3,1,2,0,49,2,3,2,1,1280,634,0,0,3,3,0,2,2,20,1
837,22,1,314,8,3,3,1,0,58,2,5,2,2,1185,680,9,0,6,2,0,3,1,18,2
1228,23,0,282,3,2,0,2,1,30,0,1,1,1,855,1083,6,0,8,1,1,4,2,3,1
806,34,2,565,6,3,1,1,1,57,2,0,1,2,1096,760,7,0,8,3,0,4,2,8,4
882,18,2,165,0,2,5,2,0,47,0,4,0,0,1082,120,2,1,10,2,1,2,2,7,7
1369,10,2,873,12,1,2,3,0,54,2,7,2,2,1059,1241,3,1,0,3,0,0,2,2,2
637,14,0,125,0,2,1,3,1,31,2,2,3,0,130,415,0,0,1,1,1,2,2,3,0
423,12,0,825,21,3,4,2,0,39,2,7,0,1,991,38,0,0,0,2,0,3,2,9,7
727,0,0,118,4,1,1,1,1,43,2,6,3,2,1,660,1,0,4,3,0,2,2,0,0
967,22,2,146,0,3,1,1,1,58,2,2,1,1,161,276,3,0,11,2,1,3,2,4,0
376,33,2,670,13,1,1,2,0,57,2,7,3,1,653,736,4,0,0,2,1,2,1,7,0
524,16,2,851,8,2,3,3,0,16,1,0,1,2,1000,900,1,0,3,1,0,3,3,8,7
438,17,2,739,15,2,1,3,1,42,2,0,2,1,952,711,4,1,1,2,0,2,2,8,0
1269,25,2,93,1,2,1,1,1,67,2,1,3,2,410,165,0,0,2,1,0,5,2,9,1
150,22,1,822,25,2,3,1,0,24,2,6,1,0,763,376,1,0,0,0,1,2,2,20,2
1469,16,2,336,7,2,3,1,1,52,3,2,2,1,554,483,2,0,1,0,0,3,3,4,1
1332,11,1,221,23,1,1,3,1,43,1,6,3,2,177,730,1,1,13,1,0,3,1,1,1
981,17,1,361,17,3,2,3,0,37,2,7,2,1,594,1236,0,1,7,2,1,0,1,4,3
954,24,0,246,1,0,1,2,1,7,2,3,2,1,1277,1408,0,1,2,3,0,3,1,20,2
1323,10,0,114,0,1,1,2,1,13,2,1,3,0,253,498,1,0,4,1,1,2,2,3,2
143,12,2,208,17,2,1,0,0,45,2,6,2,2,226,1277,1,0,3,2,0,4,1,5,0
717,9,2,646,15,3,5,2,0,7,2,2,1,1,287,583,9,0,3,1,1,2,2,2,2
526,21,2,190,1,3,5,3,0,50,1,0,2,2,583,1090,1,0,0,0,0,4,2,20,11
583,16,2,630,7,1,1,2,0,63,2,7,0,1,863,647,5,0,6,1,1,1,2,3,1
975,37,2,108,12,3,2,0,1,55,3,7,2,2,1197,425,6,1,6,2,0,2,1,19,3
566,29,1,400,26,1,1,1,0,47,3,7,2,2,853,492,4,1,1,3,0,2,2,5,1
440,16,1,560,22,2,0,1,0,13,2,1,0,0,1065,550,9,1,4,2,3,2,2,3,0
1155,21,2,48,2,1,3,2,1,46,1,2,2,0,347,487,0,0,4,3,1,3,2,10,0
174,27,2,732,3,1,1,2,0,0,2,7,0,0,664,257,4,1,0,0,1,3,3,5,0
1244,12,1,760,1,3,5,3,0,48,1,6,0,2,658,1400,0,0,5,3,0,2,2,9,0
123,33,2,378,5,2,1,0,1,21,2,5,2,2,1328,261,7,0,2,2,0,5,2,20,15
138,7,2,542,27,2,1,0,1,11,1,7,2,1,1003,1326,2,0,7,3,0,3,2,2,2
879,42,2,386,6,3,2,1,1,22,3,7,3,0,698,519,0,1,7,1,1,3,2,11,1
1075,14,2,246,9,2,3,2,1,34,2,3,3,2,1139,1098,2,0,14,1,0,5,3,5,0
732,12,1,6,4,2,3,1,0,30,2,2,1,2,170,1365,0,0,6,0,0,3,2,3,1
624,35,2,360,6,1,2,0,0,48,1,7,3,1,1131,1079,7,1,7,3,1,3,2,5,0
784,20,2,147,16,0,1,2,0,35,1,0,2,1,1010,1314,0,0,7,0,1,4,1,19,1
182,23,2,792,19,1,2,1,0,40,2,8,1,2,352,1139,1,1,11,3,0,5,1,4,0
617,26,2,334,3,2,3,3,1,20,2,0,1,2,802,177,9,0,1,3,0,2,1,5,2
690,13,2,328,11,2,3,3,0,11,2,0,3,1,794,886,0,1,0,2,2,2,0,9,8
1290,16,1,87,8,3,1,3,1,63,2,2,0,1,721,249,4,0,6,2,1,3,1,7,0
240,21,2,844,0,3,3,2,0,66,2,2,2,0,102,766,7,0,3,2,3,1,2,3,1
458,22,0,619,27,2,4,2,1,28,0,7,0,0,1130,543,3,0,4,2,1,2,2,1,0
681,20,2,778,0,2,5,3,0,50,2,5,0,1,1191,823,1,0,2,1,1,3,2,15,5
465,28,1,584,17,0,3,0,0,56,2,0,2,1,1106,404,5,0,0,3,0,3,1,2,1
1187,20,1,678,0,2,1,3,1,60,2,6,3,1,617,455,7,0,4,3,2,4,3,13,2
1191,13,2,631,4,3,1,0,0,37,2,7,3,1,748,1192,1,0,0,0,2,2,2,10,0
145,12,2,67,4,2,5,3,0,54,2,6,0,0,363,495,5,0,3,3,1,3,2,3,2
206,4,2,647,4,2,1,3,1,30,3,6,1,0,138,606,1,1,5,0,1,2,1,4,2
1212,16,2,375,18,2,1,1,0,5,1,6,3,1,316,1057,1,0,1,1,0,3,2,10,8
1276,19,2,310,8,1,2,1,1,16,1,7,1,1,505,390,1,0,3,0,2,2,2,5,0
324,12,2,738,27,1,3,3,0,34,2,6,3,1,789,577,1,0,2,3,2,2,2,10,1
657,11,2,613,6,0,3,0,0,32,1,2,3,0,197,236,6,0,3,2,3,5,2,4,0
1342,16,2,876,3,2,1,2,1,34,2,7,3,1,1050,1304,2,1,2,3,3,3,2,5,1
714,32,2,640,0,1,3,3,1,36,2,5,3,0,1265,267,9,0,11,2,1,1,1,5,1
1370,29,0,665,13,3,5,2,1,34,2,6,1,1,743,5,8,0,7,2,1,4,3,8,1
1407,6,2,428,0,1,1,1,1,15,1,0,2,2,596,700,1,0,1,1,0,2,1,4,1
79,28,2,533,4,1,3,1,1,50,2,1,1,0,666,496,8,1,11,3,1,2,2,4,0
1338,12,2,533,8,2,3,1,1,59,2,8,3,2,3,805,1,0,2,2,0,3,1,1,0
687,18,2,528,1,3,3,2,1,49,2,2,2,2,195,597,4,0,10,2,0,6,2,11,3
166,23,2,225,13,2,1,0,1,26,2,6,2,0,180,142,4,0,1,0,1,2,2,9,1
229,11,2,503,17,0,3,2,1,56,1,6,3,2,162,743,1,1,2,2,0,3,1,4,0
1419,24,2,286,17,3,1,3,1,5,2,6,0,0,735,536,6,1,6,2,1,3,1,4,1
1301,40,0,159,1,2,3,1,1,22,2,3,1,0,1230,1190,4,0,11,3,1,0,1,16,14
740,17,2,447,9,2,4,1,1,15,2,2,3,0,458,437,1,0,9,0,1,4,1,3,1
100,19,2,451,5,3,0,2,1,33,2,1,0,0,54,1260,4,1,11,3,0,3,2,3,0
290,31,1,342,9,3,1,2,0,5,2,5,0,2,1290,1360,9,1,0,3,0,4,2,3,1
444,30,2,44,1,4,2,1,0,7,2,7,3,1,483,1012,2,0,3,0,1,2,2,9,6
878,24,0,53,1,4,3,3,1,49,3,1,0,1,836,624,7,0,5,0,1,3,3,4,0
1077,11,2,82,0,3,5,0,1,70,1,6,0,2,150,324,6,0,2,2,0,2,0,9,0
739,9,2,596,1,3,1,0,0,17,2,4,3,1,513,144,0,0,7,1,1,2,2,3,2
391,22,2,284,1,2,3,1,0,48,1,2,2,1,396,658,6,0,11,1,1,3,2,1,0
86,5,2,275,1,0,5,2,1,32,2,8,0,0,134,435,3,0,2,2,1,3,2,0,0
1468,31,1,579,1,2,3,3,1,33,1,7,1,1,730,641,2,0,3,3,0,3,1,9,0
666,4,2,329,2,0,1,1,0,4,2,4,2,1,503,468,0,1,8,0,1,3,3,3,0
1412,12,2,510,0,1,3,3,1,46,2,2,1,1,440,112,1,0,2,2,0,6,1,12,1
475,8,2,390,27,1,2,0,1,36,2,7,1,1,836,316,1,0,9,3,2,5,3,5,1
44,12,1,402,0,1,3,2,0,28,2,2,3,2,475,513,1,0,12,3,0,2,2,12,3
788,10,2,479,9,2,4,2,0,29,2,6,2,2,425,343,3,0,2,3,0,4,3,8,1
1002,17,1,66,17,1,1,2,1,30,2,4,3,2,1031,1034,2,0,0,2,0,2,2,2,2
1137,4,0,219,25,1,4,1,0,55,1,6,2,1,288,486,1,1,3,1,0,2,1,4,1
24,16,2,388,5,0,3,1,1,53,2,6,0,2,324,868,2,0,0,2,0,2,2,4,1
1235,28,2,740,1,2,1,2,1,44,2,7,3,0,1090,206,4,1,1,1,1,5,1,10,0
832,19,2,168,24,1,3,2,0,22,1,0,3,0,777,870,7,0,2,2,2,2,2,6,1
1193,20,1,34,1,2,3,3,0,12,1,2,1,2,178,1272,1,0,11,1,0,3,2,4,3
591,15,2,11,15,2,2,0,0,39,2,7,0,2,715,1404,5,0,4,2,0,3,2,3,0
1446,16,2,391,27,2,2,3,0,65,1,7,2,1,892,403,1,0,10,3,2,2,2,8,1
973,17,2,456,0,2,3,3,0,30,1,2,3,1,723,516,0,0,1,1,1,0,2,9,0
1056,10,1,883,0,2,5,0,1,62,2,8,2,1,313,784,3,0,4,3,1,3,3,3,1
109,4,2,271,14,2,3,1,0,29,2,2,3,2,306,1269,1,0,4,2,0,5,2,0,0
1160,27,2,775,1,1,4,3,0,29,1,4,3,0,787,191,1,0,8,0,2,3,2,10,3
222,19,1,362,10,2,4,1,1,17,2,5,3,0,1159,471,1,1,3,2,3,1,2,10,0
1052,12,0,562,6,2,5,2,1,34,2,6,2,0,12,301,1,0,2,1,2,2,1,1,0
722,20,1,819,9,0,3,2,1,36,2,6,2,1,242,588,0,0,6,1,1,0,1,2,0
55,15,1,259,0,1,1,0,0,68,2,5,3,2,1182,749,1,1,1,2,0,1,2,15,8
1448,23,2,522,2,2,1,2,1,27,1,7,1,0,1018,592,2,0,0,2,1,5,2,5,0
253,24,2,512,16,1,1,3,0,52,3,6,0,2,870,1223,3,1,2,2,0,1,2,3,0
1072,11,1,191,1,0,1,3,0,67,2,2,1,1,358,145,0,0,2,2,3,3,2,3,0
642,20,2,184,8,2,2,1,1,68,1,8,1,1,311,585,0,0,8,3,1,3,2,2,1
545,12,2,251,26,4,2,2,1,69,2,7,3,0,712,1344,7,0,12,3,1,2,1,8,7
477,32,1,717,2,2,3,0,1,69,2,3,1,1,1283,348,1,0,0,2,1,2,2,31,10
949,21,2,262,17,1,1,0,1,2,2,4,2,2,578,650,0,0,0,0,0,6,2,8,1
843,8,2,815,2,3,3,0,1,52,3,2,3,1,555,655,1,0,11,1,1,2,2,8,0
63,41,2,846,24,2,1,0,0,69,2,7,0,2,953,16,7,0,0,3,0,3,1,21,7
413,24,1,800,27,3,5,3,0,58,1,0,3,1,577,135,0,0,0,3,3,4,3,6,0
384,18,2,45,1,1,3,1,1,31,1,7,2,1,950,94,1,0,2,1,2,2,2,10,9
974,9,1,441,1,0,1,3,1,13,0,7,3,2,674,1060,3,0,9,1,0,3,2,6,0
884,22,2,5,9,2,5,1,0,54,1,7,1,0,909,555,7,0,1,1,1,2,3,5,1
451,24,2,141,23,2,3,3,1,26,2,4,0,1,937,285,1,1,10,3,1,5,1,10,5
1258,11,2,311,3,2,5,3,0,61,1,6,0,0,69,467,1,0,2,2,1,2,2,1,0
656,14,2,173,24,3,1,0,1,57,2,2,3,2,281,922,1,1,13,2,0,2,0,1,0
369,13,2,190,8,3,1,2,1,12,1,6,1,2,233,323,0,1,5,3,0,5,2,2,2
689,2,2,18,3,2,5,0,1,54,2,2,0,2,327,633,1,0,8,1,0,2,2,1,0
219,36,2,655,2,2,2,3,0,22,2,7,0,1,803,862,2,0,3,3,1,4,2,6,0
1373,20,1,821,7,2,3,3,0,28,1,6,1,0,75,928,1,1,5,2,1,3,2,20,0
21,18,2,697,8,3,1,2,1,52,1,8,0,2,386,289,7,0,12,1,0,4,2,5,0
760,35,1,15,1,2,2,2,0,8,1,7,1,1,946,1256,2,0,1,0,1,2,2,15,6
869,28,2,857,14,1,1,3,1,22,2,5,1,1,1304,517,5,0,0,0,1,2,2,4,0
420,11,2,559,2,3,3,1,1,63,1,5,2,1,1152,1127,1,0,7,2,0,2,2,10,0
199,20,2,611,28,2,5,3,1,24,2,4,3,1,835,116,3,0,7,0,1,3,0,7,1
450,13,2,463,1,0,1,1,1,47,2,7,3,2,876,367,4,1,2,2,0,2,3,6,0
1161,20,2,185,1,1,3,3,0,24,1,4,2,1,960,703,3,1,8,3,1,6,3,5,0
1019,18,2,146,15,3,2,2,0,68,1,7,0,1,765,661,4,0,2,0,2,3,1,3,0
911,7,1,317,23,0,1,2,1,43,0,8,3,2,6,352,1,1,3,3,0,4,2,1,1
696,27,0,449,3,1,1,2,1,27,2,2,1,1,562,1229,1,0,1,1,0,5,1,9,0
811,20,2,19,1,1,2,3,1,2,2,7,1,2,934,1074,7,0,5,2,0,2,2,1,0
1236,18,2,861,12,4,2,1,1,66,1,7,0,0,820,384,5,1,2,1,3,3,2,2,2
1440,18,1,380,3,1,1,3,0,67,2,4,1,0,683,417,7,0,2,1,3,3,2,4,0
910,5,2,172,0,1,1,3,1,17,2,6,2,1,9,856,1,0,11,3,1,2,2,1,0
1049,12,2,794,15,0,1,3,1,66,2,7,2,1,711,41,8,0,4,2,2,2,1,2,2
505,8,2,563,5,2,1,2,0,41,2,2,3,1,234,907,1,1,2,2,1,2,2,3,0
1329,11,2,160,5,0,3,3,1,57,1,1,1,1,284,768,1,0,0,3,0,3,2,1,0
1255,15,2,76,15,2,1,0,0,44,2,7,0,2,996,475,2,1,9,2,0,2,1,0,0
405,7,2,380,2,2,3,0,1,61,2,2,0,1,479,432,5,0,2,2,1,5,2,2,0
317,34,2,404,7,3,3,2,1,55,1,6,1,1,654,906,2,0,4,0,0,3,1,8,7
183,32,2,145,0,2,3,2,1,56,1,2,2,1,430,74,2,0,4,3,1,2,1,3,0
1120,20,2,207,15,2,1,1,0,60,2,7,1,2,509,830,2,0,1,1,0,5,3,3,1
1361,8,1,620,5,2,4,2,1,31,3,2,3,1,201,295,0,0,7,0,1,3,2,7,7
609,25,2,310,13,1,1,1,1,64,2,5,0,1,1260,178,6,0,13,2,1,3,2,4,1
626,14,2,343,7,1,3,2,0,61,3,6,2,1,691,1167,5,0,1,2,1,3,1,5,1
485,9,2,444,5,3,3,0,0,36,1,6,2,0,90,164,0,0,1,2,2,5,1,5,0
278,8,1,875,0,2,1,2,0,54,2,4,1,0,853,1413,1,0,9,0,1,6,0,6,1
630,4,2,706,0,1,1,3,1,3,1,4,3,1,627,976,6,0,11,0,2,2,0,2,2
20,6,0,371,10,1,4,0,0,66,3,4,2,0,475,360,0,0,7,3,1,5,1,4,1
170,9,2,660,16,2,5,2,1,21,2,6,1,1,343,651,0,1,5,3,1,3,1,5,1
901,30,2,547,1,1,5,3,1,46,3,2,1,2,205,845,5,0,0,2,0,4,1,1,0
1039,16,2,627,8,3,5,0,0,22,2,1,2,1,263,51,1,0,4,3,0,0,2,2,2
176,15,2,22,1,2,1,2,1,60,2,6,3,2,189,500,0,0,3,0,0,2,3,3,0
327,21,2,662,2,1,3,3,0,11,2,7,2,1,702,908,4,1,7,0,0,3,1,1,0
706,22,0,875,23,2,1,1,0,70,3,7,1,2,1170,865,4,1,5,3,0,2,1,1,0
1222,6,2,90,21,0,0,3,1,28,0,1,2,1,20,554,1,0,0,2,1,2,2,1,0
470,6,1,272,23,2,3,3,1,8,2,8,3,1,165,198,0,0,2,2,2,3,2,2,2
1352,26,2,48,0,3,1,1,1,48,3,0,0,1,667,430,2,0,4,3,1,5,2,2,2
266,13,2,865,22,2,3,1,1,34,1,0,3,1,761,718,0,0,10,1,1,2,2,9,7
615,9,0,213,2,2,3,3,1,20,2,6,3,1,27,840,1,0,0,2,3,6,1,0,0
130,25,1,541,27,2,3,1,0,42,3,6,2,2,619,809,4,0,1,3,0,2,2,3,1
865,12,2,775,28,3,1,2,1,31,2,7,0,0,496,640,8,0,8,2,3,3,2,4,0
1413,7,2,553,1,0,4,3,1,27,2,2,2,0,468,309,6,1,8,2,1,2,1,2,0
1357,24,2,823,5,2,3,2,1,53,2,5,0,1,1180,735,9,0,2,1,1,3,3,13,5
489,25,2,434,5,3,4,1,1,20,1,5,3,0,1240,26,4,1,3,2,1,3,1,1,0
606,16,1,389,15,3,1,2,0,70,1,6,3,2,204,364,1,0,5,2,0,3,2,5,1
1217,6,2,302,8,2,3,2,1,32,3,6,2,1,552,898,1,0,5,3,1,1,2,5,0
1164,22,2,217,15,2,1,2,0,54,2,4,3,2,969,1035,6,1,4,3,0,2,1,4,3
416,20,1,880,1,1,1,3,1,12,2,2,3,1,26,586,1,1,12,2,1,3,2,1,0
152,35,2,847,5,1,2,1,1,4,2,8,2,1,125,808,2,1,9,3,1,3,0,7,4
889,9,2,625,13,2,1,0,1,12,2,6,0,1,103,714,1,1,3,3,2,3,1,9,6
849,25,2,804,8,2,2,0,0,55,0,7,2,2,721,433,8,0,2,1,0,2,1,4,1
279,32,2,443,3,0,1,0,1,66,2,5,1,0,1307,787,3,0,3,0,2,4,1,10,1
1034,27,2,587,19,2,3,1,1,65,0,0,0,0,1123,1027,2,1,7,1,1,2,2,7,0
269,18,2,829,5,2,1,3,1,17,2,2,3,1,364,1049,0,0,0,2,1,4,2,15,10
96,6,2,789,2,1,4,0,0,3,2,7,2,1,662,894,0,0,10,0,1,2,1,3,0
210,14,2,590,3,3,3,3,1,2,0,7,3,1,1093,1372,1,0,0,2,0,2,1,14,9
569,18,0,845,7,3,1,0,1,46,1,7,0,2,949,706,1,0,4,1,0,1,2,10,0
1420,23,2,346,0,2,1,3,1,46,2,6,3,1,274,1118,3,0,11,0,1,3,2,5,1
871,6,2,558,16,1,1,3,0,67,2,2,1,1,95,69,1,0,2,0,1,3,0,1,0
532,29,2,390,13,3,2,3,1,12,2,7,0,2,656,565,2,0,1,3,0,2,2,7,1
1439,18,2,286,2,2,3,0,0,64,1,7,3,1,956,616,0,0,8,2,2,2,2,9,3
1356,23,2,153,7,2,2,2,0,24,2,7,1,1,550,1415,5,0,10,2,1,3,2,5,1
1099,27,2,274,0,3,5,0,1,36,2,0,1,0,940,1086,1,0,1,0,3,4,2,10,7
712,15,2,222,12,0,1,1,0,23,2,6,3,2,397,877,3,0,7,0,0,4,2,3,0
77,27,2,61,5,3,4,3,1,22,2,5,0,1,1175,748,4,1,3,1,0,3,3,0,0
263,28,2,242,1,2,5,2,0,45,0,3,1,1,1250,744,3,1,1,1,1,2,1,7,7
1465,18,1,494,22,1,3,2,1,11,3,2,3,1,210,599,4,0,6,2,1,3,2,5,0
149,1,2,673,2,0,3,1,0,49,2,2,1,2,18,811,1,0,3,3,0,3,2,1,0
469,14,0,872,10,3,4,3,1,30,3,7,2,1,611,1278,8,0,1,3,0,2,2,4,1
564,27,2,538,1,1,5,1,1,16,0,8,2,2,880,605,0,0,2,0,0,3,2,8,3
461,17,2,63,0,2,3,0,0,50,2,7,2,2,642,272,1,0,5,3,0,3,2,5,0
1277,28,2,409,1,3,3,2,1,16,2,5,3,0,1318,704,7,1,6,2,1,3,2,2,2
896,13,2,599,23,2,3,2,0,66,1,0,0,2,903,872,1,0,8,1,0,2,2,10,1
1345,17,2,81,15,1,4,3,0,14,1,4,1,1,631,1350,0,1,0,3,0,2,2,3,0
695,19,2,334,0,3,1,0,1,16,1,7,2,1,1109,740,5,0,0,2,0,2,0,14,11
1175,21,2,245,11,2,3,3,1,36,2,4,1,1,709,331,4,0,10,2,0,3,2,5,1
928,26,2,332,14,2,3,0,0,43,2,0,3,1,971,698,1,0,0,3,1,2,2,10,0
1326,14,2,194,1,3,2,2,1,52,1,7,1,2,1062,1386,7,1,1,2,0,3,1,2,2
1214,26,2,516,1,2,1,2,0,66,3,0,3,1,965,732,1,1,8,1,1,2,2,8,6
586,6,0,617,8,2,1,2,1,30,1,2,1,0,247,1407,1,0,0,2,3,4,2,1,0
1372,21,2,483,8,1,3,0,1,57,2,4,0,1,685,602,1,0,14,3,1,3,2,10,7
243,22,2,752,23,1,5,0,1,32,2,6,3,0,378,1305,1,0,6,0,2,3,2,9,4
1111,35,2,324,1,4,5,2,0,48,1,4,3,1,1076,725,0,0,5,1,1,4,2,32,1
751,32,0,31,0,2,1,3,0,65,2,7,2,1,844,1329,0,0,1,0,1,3,2,18,0
1402,13,2,739,1,0,3,3,0,29,0,2,3,0,7,895,1,1,0,2,3,4,2,1,0
1312,13,2,162,17,4,0,3,1,59,3,1,0,1,323,1124,0,0,6,2,0,4,2,1,0
648,19,1,707,20,1,3,2,0,24,2,8,3,1,327,1115,5,0,4,1,1,3,2,5,0
1190,14,2,553,1,2,3,3,1,15,2,6,1,0,745,1356,0,0,2,2,2,4,1,9,1
595,40,2,117,1,3,1,3,1,1,2,5,1,2,1316,1368,7,1,1,3,0,2,2,30,13
313,15,1,283,4,3,1,3,0,44,2,3,1,1,1149,1243,6,0,0,1,2,2,2,10,8
933,10,2,344,0,2,5,3,1,54,2,6,0,2,57,148,2,0,0,1,0,2,1,3,1
155,11,0,883,0,0,5,3,1,11,2,4,2,1,534,1392,1,0,2,0,1,1,2,10,0
1380,17,2,376,17,3,3,1,1,41,2,7,0,1,758,800,0,0,5,3,1,2,0,5,0
1303,29,2,569,3,2,1,2,0,62,1,4,1,0,1089,985,8,1,1,2,1,4,2,22,14
1150,17,2,458,17,4,1,1,1,18,3,6,0,1,695,1395,1,0,0,3,0,2,2,16,1
999,24,2,655,9,2,0,2,0,1,2,3,0,1,1246,844,0,0,3,2,1,5,2,20,0
1046,26,2,868,19,2,1,3,1,19,2,6,1,2,389,1107,1,0,2,2,0,3,1,5,1
1306,13,1,639,6,3,2,0,0,38,2,7,0,1,1045,362,2,0,3,3,2,3,2,3,2
1391,20,2,830,0,2,1,0,1,29,1,8,0,2,301,547,4,0,3,0,0,3,1,1,0
25,35,2,743,4,2,4,2,0,28,2,3,2,0,1305,510,4,0,0,3,1,3,1,14,4
196,17,1,25,1,2,3,1,0,7,2,2,1,2,558,801,5,0,0,3,0,5,2,6,1
1088,24,2,690,1,2,3,2,1,38,1,2,1,1,638,1285,4,0,3,1,1,3,2,1,0
15,11,2,818,20,3,1,1,0,21,3,4,0,0,1067,478,1,0,0,2,1,1,2,10,8
1321,29,2,73,8,3,1,1,0,34,2,2,2,2,67,193,4,0,1,2,0,2,2,2,2
883,15,2,10,8,2,3,0,1,30,2,6,3,1,273,256,0,0,2,1,1,5,2,14,4
621,18,2,520,0,1,1,1,1,26,2,7,3,1,828,35,1,1,3,3,1,1,1,18,4
1360,13,2,231,3,2,3,0,0,32,3,2,2,0,469,806,8,0,1,1,1,0,1,2,2
1050,24,1,417,8,1,3,0,0,44,2,2,3,2,427,833,1,0,2,2,0,3,2,12,5
1067,29,2,296,13,2,3,2,0,48,2,7,2,1,591,1292,3,1,6,2,1,4,1,5,1
497,26,2,762,2,3,4,3,1,5,2,3,3,1,1326,429,4,1,1,0,1,2,3,2,0
792,15,1,462,28,3,3,0,0,24,1,6,2,2,575,54,1,0,11,1,0,4,2,13,3
964,16,2,255,14,1,3,2,0,36,2,7,0,2,818,1257,1,0,1,3,0,6,3,10,9
515,17,0,407,2,2,1,2,1,11,1,2,2,1,13,855,1,0,7,2,2,3,2,1,0
1435,26,2,586,0,2,3,1,1,12,2,6,3,2,174,656,6,1,1,2,0,2,2,4,1
1411,7,2,133,1,2,0,2,0,52,2,1,1,1,90,1011,4,0,3,2,0,3,2,2,1
1095,15,2,310,27,3,1,1,1,49,2,2,2,1,694,1216,1,1,1,1,1,3,2,15,5
542,20,2,47,0,2,1,2,0,51,2,4,2,2,964,764,4,1,3,3,0,4,3,1,0
456,13,2,380,6,2,1,2,1,14,1,3,3,0,1143,1345,9,0,10,2,1,3,1,5,0
633,18,2,741,7,2,1,0,1,47,1,1,0,1,145,383,0,0,10,2,0,3,2,5,0
431,36,2,280,7,3,1,2,0,12,2,2,2,2,444,1249,7,0,0,2,0,3,2,1,0
627,34,1,499,24,3,3,2,0,51,1,4,3,1,1204,971,3,0,11,2,0,3,2,9,0
728,36,2,850,16,2,5,2,0,26,2,4,2,1,1116,688,8,0,0,2,1,2,2,10,0
1288,17,0,672,1,1,3,1,1,60,2,4,3,0,783,1303,2,0,3,2,1,6,2,7,1
209,28,2,347,0,3,3,3,1,67,2,0,0,0,1033,604,7,0,5,2,1,3,2,4,0
316,31,2,616,0,1,5,2,0,60,1,0,2,2,1206,913,7,1,1,3,0,2,2,7,0
513,2,2,797,9,0,3,3,1,2,2,6,2,2,0,1426,1,1,0,3,0,5,2,1,1
1337,10,2,667,2,2,3,1,0,48,2,8,1,1,300,89,1,0,8,3,1,3,2,1,0
829,15,2,321,8,3,2,0,0,47,2,7,0,2,981,938,0,1,6,0,0,3,2,5,0
319,14,2,309,7,1,5,2,0,35,1,7,1,1,699,1317,1,1,0,3,0,2,2,13,11
1031,28,2,175,8,2,2,0,1,22,2,7,3,0,1074,801,4,0,0,0,1,1,3,7,4
1417,13,2,659,1,1,1,0,1,24,2,8,2,1,345,258,0,0,8,2,1,1,2,2,1
141,27,2,763,28,2,3,2,1,53,2,6,3,2,397,451,5,0,2,1,0,2,1,6,0
1110,17,2,2,1,2,1,0,0,39,2,2,0,0,55,1410,1,1,1,3,1,2,2,1,0
753,21,1,533,21,2,3,3,0,52,2,4,0,2,1126,169,1,1,2,2,0,2,2,21,2
1001,19,2,864,10,2,3,0,0,64,2,2,2,2,422,973,4,0,7,0,0,6,2,3,0
1239,13,1,44,23,0,5,3,0,0,2,4,3,2,702,269,2,0,9,3,0,3,1,5,1
580,17,2,179,7,3,1,0,0,42,2,8,3,1,211,1054,1,0,5,1,1,1,1,3,0
562,15,2,265,0,3,4,3,1,33,2,6,3,2,243,179,1,1,2,2,0,2,1,10,7
398,19,0,600,24,4,3,1,0,42,2,6,2,1,564,1275,3,1,4,0,2,2,2,13,10
668,10,2,566,8,2,3,2,0,47,2,6,2,0,158,454,5,0,7,1,1,2,2,2,2
252,11,2,364,14,2,1,2,1,30,2,6,3,2,143,1199,1,0,8,0,0,1,2,6,1
907,26,2,623,4,2,2,1,1,58,2,3,1,1,1284,386,7,0,0,2,1,5,2,22,3
468,34,2,540,5,1,5,3,1,48,2,6,0,0,760,1159,3,1,1,1,2,3,2,10,6
914,37,0,52,7,0,3,3,1,7,1,0,1,0,1190,1359,1,1,4,3,1,3,2,32,15
357,3,1,421,0,0,5,0,0,69,1,8,1,2,86,416,1,1,0,2,0,3,2,3,1
1278,18,2,814,9,2,1,3,1,60,2,0,0,1,984,1375,7,1,2,3,1,1,2,12,5
1300,16,2,453,7,1,5,1,1,62,3,7,2,1,900,1164,1,0,10,2,2,5,2,10,4
1202,20,2,882,3,1,3,3,0,57,2,2,2,1,375,1385,7,0,8,3,1,5,1,0,0
1305,36,2,203,6,3,3,3,0,38,2,6,3,1,910,780,4,0,4,1,1,2,1,7,1
1414,29,2,672,24,2,3,0,1,54,2,0,2,2,1002,637,2,0,12,1,0,3,2,17,12
508,17,2,577,5,3,1,1,1,52,0,6,3,2,882,993,1,0,2,1,0,3,2,17,11
749,34,2,107,1,0,2,0,0,27,0,3,3,1,1342,1373,1,0,4,3,1,3,2,31,6
129,31,2,230,19,3,3,2,0,66,2,4,0,1,873,201,1,0,3,2,0,2,1,15,5
144,14,1,381,8,1,3,3,1,5,0,7,3,0,605,1207,0,0,6,3,3,2,3,8,0
960,23,1,578,0,2,2,2,0,36,2,7,0,0,492,127,0,0,6,3,1,2,2,9,1
847,16,1,367,0,2,3,3,1,67,1,0,0,2,720,1367,0,0,9,2,0,3,2,13,4
715,15,1,462,0,3,4,2,0,54,3,0,1,1,754,1044,1,1,2,0,1,2,2,6,1
905,11,2,385,0,2,1,3,0,57,1,5,3,0,1228,73,3,0,3,1,2,2,1,7,1
1096,22,2,505,5,1,3,2,1,8,2,3,3,2,1235,887,1,1,10,3,0,2,2,21,7
235,25,2,584,15,2,2,3,0,50,2,3,3,1,1227,335,5,1,11,2,1,3,2,17,1
1061,6,0,465,12,1,1,3,0,48,2,8,1,1,44,296,1,0,2,2,1,2,2,1,0
